x,y,dist_robot,olf_post,vis_post,fused,vis_like,observed,mle_class,ev_person,post_person,ev_couch,post_couch,ev_toilet,post_toilet,ev_microwave,post_microwave,ev_oven,post_oven,ev_sink,post_sink,ev_refrigerator,post_refrigerator,ev_clock,post_clock,ev_empty_floor,post_empty_floor
-2.25,1.75,2.23784,0.00236407,0.00236407,0.00236407,0.0341216,True,empty floor,0,0.0277778,0,0.0277778,0,0.0277778,0,0.0277778,0,0.0277778,0,0.0277778,0,0.0277778,0,0.0277778,3,0.777778
1.5,5.5,3.06731,0.00236407,0.00236407,0.00236407,0.0341216,True,empty floor,0,0.0277778,0,0.0277778,0,0.0277778,0,0.0277778,0,0.0277778,0,0.0277778,0,0.0277778,0,0.0277778,3,0.777778
-1.5,6,2.73381,0.00236407,0.00236407,0.00236407,0.0341216,True,empty floor,0,0.0277778,0,0.0277778,0,0.0277778,0,0.0277778,0,0.0277778,0,0.0277778,0,0.0277778,0,0.0277778,3,0.777778
-1.75,6,2.81559,0.00236407,0.00236407,0.00236407,0.0341216,True,empty floor,0,0.0277778,0,0.0277778,0,0.0277778,0,0.0277778,0,0.0277778,0,0.0277778,0,0.0277778,0,0.0277778,3,0.777778
-2,6,2.91657,0.00236407,0.00236407,0.00236407,0.0341216,True,empty floor,0,0.0277778,0,0.0277778,0,0.0277778,0,0.0277778,0,0.0277778,0,0.0277778,0,0.0277778,0,0.0277778,3,0.777778
-2.25,6,3.03483,0.00236407,0.00236407,0.00236407,0.0341216,True,empty floor,0,0.0277778,0,0.0277778,0,0.0277778,0,0.0277778,0,0.0277778,0,0.0277778,0,0.0277778,0,0.0277778,3,0.777778
2,5.75,3.60527,0.00236407,0.00236407,0.00236407,0.0341216,True,empty floor,0,0.0277778,0,0.0277778,0,0.0277778,0,0.0277778,0,0.0277778,0,0.0277778,0,0.0277778,0,0.0277778,3,0.777778
1.75,5.75,3.42078,0.00236407,0.00236407,0.00236407,0.0341216,True,empty floor,0,0.0277778,0,0.0277778,0,0.0277778,0,0.0277778,0,0.0277778,0,0.0277778,0,0.0277778,0,0.0277778,3,0.777778
1.5,5.75,3.24509,0.00236407,0.00236407,0.00236407,0.0341216,True,empty floor,0,0.0277778,0,0.0277778,0,0.0277778,0,0.0277778,0,0.0277778,0,0.0277778,0,0.0277778,0,0.0277778,3,0.777778
1.25,5.75,3.07968,0.00236407,0.00236407,0.00236407,0.0341216,True,empty floor,0,0.0277778,0,0.0277778,0,0.0277778,0,0.0277778,0,0.0277778,0,0.0277778,0,0.0277778,0,0.0277778,3,0.777778
1,5.75,2.9263,0.00236407,0.00236407,0.00236407,0.118536,True,couch,0,0.0555556,1,0.555556,0,0.0555556,0,0.0555556,0,0.0555556,0,0.0555556,0,0.0555556,0,0.0555556,0,0.0555556
0.75,5.75,2.78695,0.00236407,0.00236407,0.00236407,0.136486,False,person,0,0.111111,0,0.111111,0,0.111111,0,0.111111,0,0.111111,0,0.111111,0,0.111111,0,0.111111,0,0.111111
0.5,5.75,2.66381,0.00236407,0.00236407,0.00236407,0.0341216,True,empty floor,0,0.0277778,0,0.0277778,0,0.0277778,0,0.0277778,0,0.0277778,0,0.0277778,0,0.0277778,0,0.0277778,3,0.777778
0.25,5.75,2.55924,0.00236407,0.00236407,0.00236407,0.0341216,True,empty floor,0,0.0277778,0,0.0277778,0,0.0277778,0,0.0277778,0,0.0277778,0,0.0277778,0,0.0277778,0,0.0277778,3,0.777778
0,5.75,2.47559,0.00236407,0.00236407,0.00236407,0.0341216,True,empty floor,0,0.0277778,0,0.0277778,0,0.0277778,0,0.0277778,0,0.0277778,0,0.0277778,0,0.0277778,0,0.0277778,3,0.777778
-0.25,5.75,2.41503,0.00236407,0.00236407,0.00236407,0.0341216,True,empty floor,0,0.0277778,0,0.0277778,0,0.0277778,0,0.0277778,0,0.0277778,0,0.0277778,0,0.0277778,0,0.0277778,3,0.777778
-0.5,5.75,2.37933,0.00236407,0.00236407,0.00236407,0.0341216,True,empty floor,0,0.0277778,0,0.0277778,0,0.0277778,0,0.0277778,0,0.0277778,0,0.0277778,0,0.0277778,0,0.0277778,3,0.777778
-0.75,5.75,2.36961,0.00236407,0.00236407,0.00236407,0.0341216,True,empty floor,0,0.0277778,0,0.0277778,0,0.0277778,0,0.0277778,0,0.0277778,0,0.0277778,0,0.0277778,0,0.0277778,3,0.777778
-1,5.75,2.38618,0.00236407,0.00236407,0.00236407,0.0341216,True,empty floor,0,0.0277778,0,0.0277778,0,0.0277778,0,0.0277778,0,0.0277778,0,0.0277778,0,0.0277778,0,0.0277778,3,0.777778
-1.25,5.75,2.42852,0.00236407,0.00236407,0.00236407,0.0341216,True,empty floor,0,0.0277778,0,0.0277778,0,0.0277778,0,0.0277778,0,0.0277778,0,0.0277778,0,0.0277778,0,0.0277778,3,0.777778
-1.5,5.75,2.4953,0.00236407,0.00236407,0.00236407,0.0341216,True,empty floor,0,0.0277778,0,0.0277778,0,0.0277778,0,0.0277778,0,0.0277778,0,0.0277778,0,0.0277778,0,0.0277778,3,0.777778
-1.75,5.75,2.58464,0.00236407,0.00236407,0.00236407,0.0341216,True,empty floor,0,0.0277778,0,0.0277778,0,0.0277778,0,0.0277778,0,0.0277778,0,0.0277778,0,0.0277778,0,0.0277778,3,0.777778
-2,5.75,2.69428,0.00236407,0.00236407,0.00236407,0.0341216,True,empty floor,0,0.0277778,0,0.0277778,0,0.0277778,0,0.0277778,0,0.0277778,0,0.0277778,0,0.0277778,0,0.0277778,3,0.777778
-2.25,5.75,2.82188,0.00236407,0.00236407,0.00236407,0.0341216,True,empty floor,0,0.0277778,0,0.0277778,0,0.0277778,0,0.0277778,0,0.0277778,0,0.0277778,0,0.0277778,0,0.0277778,3,0.777778
2,5.5,3.44612,0.00236407,0.00236407,0.00236407,0.019498,True,empty floor,0,0.015873,0,0.015873,0,0.015873,0,0.015873,0,0.015873,0,0.015873,0,0.015873,0,0.015873,6,0.873016
-1.25,6,2.67299,0.00236407,0.00236407,0.00236407,0.0341216,True,empty floor,0,0.0277778,0,0.0277778,0,0.0277778,0,0.0277778,0,0.0277778,0,0.0277778,0,0.0277778,0,0.0277778,3,0.777778
-1,6,2.63459,0.00236407,0.00236407,0.00236407,0.0341216,True,empty floor,0,0.0277778,0,0.0277778,0,0.0277778,0,0.0277778,0,0.0277778,0,0.0277778,0,0.0277778,0,0.0277778,3,0.777778
-0.75,6,2.61959,0.00236407,0.00236407,0.00236407,0.0341216,True,empty floor,0,0.0277778,0,0.0277778,0,0.0277778,0,0.0277778,0,0.0277778,0,0.0277778,0,0.0277778,0,0.0277778,3,0.777778
-2,6.25,3.14302,0.00236407,0.00236407,0.00236407,0.0341216,True,empty floor,0,0.0277778,0,0.0277778,0,0.0277778,0,0.0277778,0,0.0277778,0,0.0277778,0,0.0277778,0,0.0277778,3,0.777778
0.5,6.25,3.11694,0.00236407,0.00236407,0.00236407,0.0341216,True,empty floor,0,0.0277778,0,0.0277778,0,0.0277778,0,0.0277778,0,0.0277778,0,0.0277778,0,0.0277778,0,0.0277778,3,0.777778
0.25,6.25,3.02805,0.00236407,0.00236407,0.00236407,0.0341216,True,empty floor,0,0.0277778,0,0.0277778,0,0.0277778,0,0.0277778,0,0.0277778,0,0.0277778,0,0.0277778,0,0.0277778,3,0.777778
0,6.25,2.95769,0.00236407,0.00236407,0.00236407,0.0341216,True,empty floor,0,0.0277778,0,0.0277778,0,0.0277778,0,0.0277778,0,0.0277778,0,0.0277778,0,0.0277778,0,0.0277778,3,0.777778
-0.25,6.25,2.90719,0.00236407,0.00236407,0.00236407,0.0341216,True,empty floor,0,0.0277778,0,0.0277778,0,0.0277778,0,0.0277778,0,0.0277778,0,0.0277778,0,0.0277778,0,0.0277778,3,0.777778
-0.5,6.25,2.8776,0.00236407,0.00236407,0.00236407,0.0341216,True,empty floor,0,0.0277778,0,0.0277778,0,0.0277778,0,0.0277778,0,0.0277778,0,0.0277778,0,0.0277778,0,0.0277778,3,0.777778
-0.75,6.25,2.86957,0.00236407,0.00236407,0.00236407,0.0341216,True,empty floor,0,0.0277778,0,0.0277778,0,0.0277778,0,0.0277778,0,0.0277778,0,0.0277778,0,0.0277778,0,0.0277778,3,0.777778
-1,6.25,2.88327,0.00236407,0.00236407,0.00236407,0.0341216,True,empty floor,0,0.0277778,0,0.0277778,0,0.0277778,0,0.0277778,0,0.0277778,0,0.0277778,0,0.0277778,0,0.0277778,3,0.777778
-1.25,6.25,2.9184,0.00236407,0.00236407,0.00236407,0.0341216,True,empty floor,0,0.0277778,0,0.0277778,0,0.0277778,0,0.0277778,0,0.0277778,0,0.0277778,0,0.0277778,0,0.0277778,3,0.777778
-1.5,6.25,2.97421,0.00236407,0.00236407,0.00236407,0.0341216,True,empty floor,0,0.0277778,0,0.0277778,0,0.0277778,0,0.0277778,0,0.0277778,0,0.0277778,0,0.0277778,0,0.0277778,3,0.777778
-1.75,6.25,3.04955,0.00236407,0.00236407,0.00236407,0.0341216,True,empty floor,0,0.0277778,0,0.0277778,0,0.0277778,0,0.0277778,0,0.0277778,0,0.0277778,0,0.0277778,0,0.0277778,3,0.777778
-2.25,6.25,3.25306,0.00236407,0.00236407,0.00236407,0.0341216,True,empty floor,0,0.0277778,0,0.0277778,0,0.0277778,0,0.0277778,0,0.0277778,0,0.0277778,0,0.0277778,0,0.0277778,3,0.777778
-0.5,6,2.62838,0.00236407,0.00236407,0.00236407,0.0341216,True,empty floor,0,0.0277778,0,0.0277778,0,0.0277778,0,0.0277778,0,0.0277778,0,0.0277778,0,0.0277778,0,0.0277778,3,0.777778
2,6,3.77427,0.00236407,0.00236407,0.00236407,0.0341216,True,empty floor,0,0.0277778,0,0.0277778,0,0.0277778,0,0.0277778,0,0.0277778,0,0.0277778,0,0.0277778,0,0.0277778,3,0.777778
1.75,6,3.59847,0.00236407,0.00236407,0.00236407,0.0341216,True,empty floor,0,0.0277778,0,0.0277778,0,0.0277778,0,0.0277778,0,0.0277778,0,0.0277778,0,0.0277778,0,0.0277778,3,0.777778
1.5,6,3.43188,0.00236407,0.00236407,0.00236407,0.0341216,True,empty floor,0,0.0277778,0,0.0277778,0,0.0277778,0,0.0277778,0,0.0277778,0,0.0277778,0,0.0277778,0,0.0277778,3,0.777778
1.25,6,3.27591,0.00236407,0.00236407,0.00236407,0.0341216,True,empty floor,0,0.0277778,0,0.0277778,0,0.0277778,0,0.0277778,0,0.0277778,0,0.0277778,0,0.0277778,0,0.0277778,3,0.777778
1,6,3.13216,0.00236407,0.00236407,0.00236407,0.0341216,True,empty floor,0,0.0277778,0,0.0277778,0,0.0277778,0,0.0277778,0,0.0277778,0,0.0277778,0,0.0277778,0,0.0277778,3,0.777778
0.75,6,3.00238,0.00236407,0.00236407,0.00236407,0.0341216,True,empty floor,0,0.0277778,0,0.0277778,0,0.0277778,0,0.0277778,0,0.0277778,0,0.0277778,0,0.0277778,0,0.0277778,3,0.777778
0.5,6,2.88844,0.00236407,0.00236407,0.00236407,0.0341216,True,empty floor,0,0.0277778,0,0.0277778,0,0.0277778,0,0.0277778,0,0.0277778,0,0.0277778,0,0.0277778,0,0.0277778,3,0.777778
0.25,6,2.7923,0.00236407,0.00236407,0.00236407,0.0341216,True,empty floor,0,0.0277778,0,0.0277778,0,0.0277778,0,0.0277778,0,0.0277778,0,0.0277778,0,0.0277778,0,0.0277778,3,0.777778
0,6,2.71583,0.00236407,0.00236407,0.00236407,0.0341216,True,empty floor,0,0.0277778,0,0.0277778,0,0.0277778,0,0.0277778,0,0.0277778,0,0.0277778,0,0.0277778,0,0.0277778,3,0.777778
-0.25,6,2.66075,0.00236407,0.00236407,0.00236407,0.0341216,True,empty floor,0,0.0277778,0,0.0277778,0,0.0277778,0,0.0277778,0,0.0277778,0,0.0277778,0,0.0277778,0,0.0277778,3,0.777778
1.75,5.5,3.25263,0.00236407,0.00236407,0.00236407,0.0341216,True,empty floor,0,0.0277778,0,0.0277778,0,0.0277778,0,0.0277778,0,0.0277778,0,0.0277778,0,0.0277778,0,0.0277778,3,0.777778
1.25,5.5,2.89175,0.00236407,0.00236407,0.00236407,0.0341216,True,empty floor,0,0.0277778,0,0.0277778,0,0.0277778,0,0.0277778,0,0.0277778,0,0.0277778,0,0.0277778,0,0.0277778,3,0.777778
1,6.25,3.34404,0.00236407,0.00236407,0.00236407,0.0341216,True,empty floor,0,0.0277778,0,0.0277778,0,0.0277778,0,0.0277778,0,0.0277778,0,0.0277778,0,0.0277778,0,0.0277778,3,0.777778
1,5.5,2.72783,0.00236407,0.00236407,0.00236407,0.0341216,True,empty floor,0,0.0277778,0,0.0277778,0,0.0277778,0,0.0277778,0,0.0277778,0,0.0277778,0,0.0277778,0,0.0277778,3,0.777778
-1.5,5.25,2.02661,0.00236407,0.00236407,0.00236407,0.0341216,True,empty floor,0,0.0277778,0,0.0277778,0,0.0277778,0,0.0277778,0,0.0277778,0,0.0277778,0,0.0277778,0,0.0277778,3,0.777778
-1.75,5.25,2.13564,0.00236407,0.00236407,0.00236407,0.0341216,True,empty floor,0,0.0277778,0,0.0277778,0,0.0277778,0,0.0277778,0,0.0277778,0,0.0277778,0,0.0277778,0,0.0277778,3,0.777778
-2.25,5.25,2.41736,0.00236407,0.00236407,0.00236407,0.0341216,True,empty floor,0,0.0277778,0,0.0277778,0,0.0277778,0,0.0277778,0,0.0277778,0,0.0277778,0,0.0277778,0,0.0277778,3,0.777778
2,5,3.16328,0.00236407,0.00236407,0.00236407,0.019498,True,empty floor,0,0.015873,0,0.015873,0,0.015873,0,0.015873,0,0.015873,0,0.015873,0,0.015873,0,0.015873,6,0.873016
1.75,5,2.9513,0.00236407,0.00236407,0.00236407,0.019498,True,empty floor,0,0.015873,0,0.015873,0,0.015873,0,0.015873,0,0.015873,0,0.015873,0,0.015873,0,0.015873,6,0.873016
1.5,5,2.74573,0.00236407,0.00236407,0.00236407,0.019498,True,empty floor,0,0.015873,0,0.015873,0,0.015873,0,0.015873,0,0.015873,0,0.015873,0,0.015873,0,0.015873,6,0.873016
1,5,2.36044,0.00236407,0.00236407,0.00236407,0.0341216,True,empty floor,0,0.0277778,0,0.0277778,0,0.0277778,0,0.0277778,0,0.0277778,0,0.0277778,0,0.0277778,0,0.0277778,3,0.777778
0.75,5,2.18529,0.00236407,0.00236407,0.00236407,0.0341216,True,empty floor,0,0.0277778,0,0.0277778,0,0.0277778,0,0.0277778,0,0.0277778,0,0.0277778,0,0.0277778,0,0.0277778,3,0.777778
0.5,5,2.02591,0.00236407,0.00236407,0.00236407,0.0341216,True,empty floor,0,0.0277778,0,0.0277778,0,0.0277778,0,0.0277778,0,0.0277778,0,0.0277778,0,0.0277778,0,0.0277778,3,0.777778
0.25,5,1.88631,0.00236407,0.00236407,0.00236407,0.0341216,True,empty floor,0,0.0277778,0,0.0277778,0,0.0277778,0,0.0277778,0,0.0277778,0,0.0277778,0,0.0277778,0,0.0277778,3,0.777778
0,5,1.77115,0.00236407,0.00236407,0.00236407,0.0341216,True,empty floor,0,0.0277778,0,0.0277778,0,0.0277778,0,0.0277778,0,0.0277778,0,0.0277778,0,0.0277778,0,0.0277778,3,0.777778
-0.25,5,1.68547,0.00236407,0.00236407,0.00236407,0.0341216,True,empty floor,0,0.0277778,0,0.0277778,0,0.0277778,0,0.0277778,0,0.0277778,0,0.0277778,0,0.0277778,0,0.0277778,3,0.777778
-0.5,5,1.6339,0.00236407,0.00236407,0.00236407,0.0341216,True,empty floor,0,0.0277778,0,0.0277778,0,0.0277778,0,0.0277778,0,0.0277778,0,0.0277778,0,0.0277778,0,0.0277778,3,0.777778
-0.75,5,1.61971,0.00236407,0.00236407,0.00236407,0.0341216,True,empty floor,0,0.0277778,0,0.0277778,0,0.0277778,0,0.0277778,0,0.0277778,0,0.0277778,0,0.0277778,0,0.0277778,3,0.777778
-1,5,1.64386,0.00236407,0.00236407,0.00236407,0.0341216,True,empty floor,0,0.0277778,0,0.0277778,0,0.0277778,0,0.0277778,0,0.0277778,0,0.0277778,0,0.0277778,0,0.0277778,3,0.777778
-1.25,5,1.70473,0.00236407,0.00236407,0.00236407,0.0341216,True,empty floor,0,0.0277778,0,0.0277778,0,0.0277778,0,0.0277778,0,0.0277778,0,0.0277778,0,0.0277778,0,0.0277778,3,0.777778
-1.5,5,1.7986,0.00236407,0.00236407,0.00236407,0.0341216,True,empty floor,0,0.0277778,0,0.0277778,0,0.0277778,0,0.0277778,0,0.0277778,0,0.0277778,0,0.0277778,0,0.0277778,3,0.777778
-1.75,5,1.92062,0.00236407,0.00236407,0.00236407,0.0341216,True,empty floor,0,0.0277778,0,0.0277778,0,0.0277778,0,0.0277778,0,0.0277778,0,0.0277778,0,0.0277778,0,0.0277778,3,0.777778
-2.25,5,2.22967,0.00236407,0.00236407,0.00236407,0.0341216,True,empty floor,0,0.0277778,0,0.0277778,0,0.0277778,0,0.0277778,0,0.0277778,0,0.0277778,0,0.0277778,0,0.0277778,3,0.777778
2,4.75,3.04289,0.00236407,0.00236407,0.00236407,0.019498,True,empty floor,0,0.015873,0,0.015873,0,0.015873,0,0.015873,0,0.015873,0,0.015873,0,0.015873,0,0.015873,6,0.873016
1.75,4.75,2.82188,0.00236407,0.00236407,0.00236407,0.019498,True,empty floor,0,0.015873,0,0.015873,0,0.015873,0,0.015873,0,0.015873,0,0.015873,0,0.015873,0,0.015873,6,0.873016
1.25,4.75,2.39701,0.00236407,0.00236407,0.00236407,0.019498,True,empty floor,0,0.015873,0,0.015873,0,0.015873,0,0.015873,0,0.015873,0,0.015873,0,0.015873,0,0.015873,6,0.873016
1,4.75,2.19647,0.00236407,0.00236407,0.00236407,0.019498,True,empty floor,0,0.015873,0,0.015873,0,0.015873,0,0.015873,0,0.015873,0,0.015873,0,0.015873,0,0.015873,6,0.873016
-1.25,5.25,1.94379,0.00236407,0.00236407,0.00236407,0.0341216,True,empty floor,0,0.0277778,0,0.0277778,0,0.0277778,0,0.0277778,0,0.0277778,0,0.0277778,0,0.0277778,0,0.0277778,3,0.777778
-1,5.25,1.89063,0.00236407,0.00236407,0.00236407,0.0341216,True,empty floor,0,0.0277778,0,0.0277778,0,0.0277778,0,0.0277778,0,0.0277778,0,0.0277778,0,0.0277778,0,0.0277778,3,0.777778
-0.75,5.25,1.86967,0.00236407,0.00236407,0.00236407,0.0341216,True,empty floor,0,0.0277778,0,0.0277778,0,0.0277778,0,0.0277778,0,0.0277778,0,0.0277778,0,0.0277778,0,0.0277778,3,0.777778
-1.75,5.5,2.35757,0.00236407,0.00236407,0.00236407,0.0341216,True,empty floor,0,0.0277778,0,0.0277778,0,0.0277778,0,0.0277778,0,0.0277778,0,0.0277778,0,0.0277778,0,0.0277778,3,0.777778
0.75,5.5,2.57777,0.00236407,0.00236407,0.00236407,0.0341216,True,empty floor,0,0.0277778,0,0.0277778,0,0.0277778,0,0.0277778,0,0.0277778,0,0.0277778,0,0.0277778,0,0.0277778,3,0.777778
0.5,5.5,2.44412,0.00236407,0.00236407,0.00236407,0.0341216,True,empty floor,0,0.0277778,0,0.0277778,0,0.0277778,0,0.0277778,0,0.0277778,0,0.0277778,0,0.0277778,0,0.0277778,3,0.777778
0.25,5.5,2.32971,0.00236407,0.00236407,0.00236407,0.0341216,True,empty floor,0,0.0277778,0,0.0277778,0,0.0277778,0,0.0277778,0,0.0277778,0,0.0277778,0,0.0277778,0,0.0277778,3,0.777778
0,5.5,2.23749,0.00236407,0.00236407,0.00236407,0.0341216,True,empty floor,0,0.0277778,0,0.0277778,0,0.0277778,0,0.0277778,0,0.0277778,0,0.0277778,0,0.0277778,0,0.0277778,3,0.777778
-0.25,5.5,2.1703,0.00236407,0.00236407,0.00236407,0.0341216,True,empty floor,0,0.0277778,0,0.0277778,0,0.0277778,0,0.0277778,0,0.0277778,0,0.0277778,0,0.0277778,0,0.0277778,3,0.777778
-0.5,5.5,2.1305,0.00236407,0.00236407,0.00236407,0.0341216,True,empty floor,0,0.0277778,0,0.0277778,0,0.0277778,0,0.0277778,0,0.0277778,0,0.0277778,0,0.0277778,0,0.0277778,3,0.777778
-0.75,5.5,2.11963,0.00236407,0.00236407,0.00236407,0.0341216,True,empty floor,0,0.0277778,0,0.0277778,0,0.0277778,0,0.0277778,0,0.0277778,0,0.0277778,0,0.0277778,0,0.0277778,3,0.777778
-1,5.5,2.13815,0.00236407,0.00236407,0.00236407,0.0341216,True,empty floor,0,0.0277778,0,0.0277778,0,0.0277778,0,0.0277778,0,0.0277778,0,0.0277778,0,0.0277778,0,0.0277778,3,0.777778
-1.25,5.5,2.18529,0.00236407,0.00236407,0.00236407,0.0341216,True,empty floor,0,0.0277778,0,0.0277778,0,0.0277778,0,0.0277778,0,0.0277778,0,0.0277778,0,0.0277778,0,0.0277778,3,0.777778
-1.5,5.5,2.25928,0.00236407,0.00236407,0.00236407,0.0341216,True,empty floor,0,0.0277778,0,0.0277778,0,0.0277778,0,0.0277778,0,0.0277778,0,0.0277778,0,0.0277778,0,0.0277778,3,0.777778
-2.25,5.5,2.61549,0.00236407,0.00236407,0.00236407,0.0341216,True,empty floor,0,0.0277778,0,0.0277778,0,0.0277778,0,0.0277778,0,0.0277778,0,0.0277778,0,0.0277778,0,0.0277778,3,0.777778
-0.5,5.25,1.88197,0.00236407,0.00236407,0.00236407,0.0341216,True,empty floor,0,0.0277778,0,0.0277778,0,0.0277778,0,0.0277778,0,0.0277778,0,0.0277778,0,0.0277778,0,0.0277778,3,0.777778
2,5.25,3.29827,0.00236407,0.00236407,0.00236407,0.019498,True,empty floor,0,0.015873,0,0.015873,0,0.015873,0,0.015873,0,0.015873,0,0.015873,0,0.015873,0,0.015873,6,0.873016
1.75,5.25,3.09554,0.00236407,0.00236407,0.00236407,0.019498,True,empty floor,0,0.015873,0,0.015873,0,0.015873,0,0.015873,0,0.015873,0,0.015873,0,0.015873,0,0.015873,6,0.873016
1.5,5.25,2.90021,0.00236407,0.00236407,0.00236407,0.0341216,True,empty floor,0,0.0277778,0,0.0277778,0,0.0277778,0,0.0277778,0,0.0277778,0,0.0277778,0,0.0277778,0,0.0277778,3,0.777778
1.25,5.25,2.71386,0.00236407,0.00236407,0.00236407,0.0341216,True,empty floor,0,0.0277778,0,0.0277778,0,0.0277778,0,0.0277778,0,0.0277778,0,0.0277778,0,0.0277778,0,0.0277778,3,0.777778
1,5.25,2.53848,0.00236407,0.00236407,0.00236407,0.0341216,True,empty floor,0,0.0277778,0,0.0277778,0,0.0277778,0,0.0277778,0,0.0277778,0,0.0277778,0,0.0277778,0,0.0277778,3,0.777778
0.75,5.25,2.37649,0.00236407,0.00236407,0.00236407,0.0341216,True,empty floor,0,0.0277778,0,0.0277778,0,0.0277778,0,0.0277778,0,0.0277778,0,0.0277778,0,0.0277778,0,0.0277778,3,0.777778
0.5,5.25,2.23081,0.00236407,0.00236407,0.00236407,0.0341216,True,empty floor,0,0.0277778,0,0.0277778,0,0.0277778,0,0.0277778,0,0.0277778,0,0.0277778,0,0.0277778,0,0.0277778,3,0.777778
0.25,5.25,2.10484,0.00236407,0.00236407,0.00236407,0.0341216,True,empty floor,0,0.0277778,0,0.0277778,0,0.0277778,0,0.0277778,0,0.0277778,0,0.0277778,0,0.0277778,0,0.0277778,3,0.777778
0,5.25,2.00229,0.00236407,0.00236407,0.00236407,0.0341216,True,empty floor,0,0.0277778,0,0.0277778,0,0.0277778,0,0.0277778,0,0.0277778,0,0.0277778,0,0.0277778,0,0.0277778,3,0.777778
-0.25,5.25,1.92692,0.00236407,0.00236407,0.00236407,0.0341216,True,empty floor,0,0.0277778,0,0.0277778,0,0.0277778,0,0.0277778,0,0.0277778,0,0.0277778,0,0.0277778,0,0.0277778,3,0.777778
0.75,6.25,3.2228,0.00236407,0.00236407,0.00236407,0.0341216,True,empty floor,0,0.0277778,0,0.0277778,0,0.0277778,0,0.0277778,0,0.0277778,0,0.0277778,0,0.0277778,0,0.0277778,3,0.777778
1.25,6.25,3.47905,0.00236407,0.00236407,0.00236407,0.0341216,True,empty floor,0,0.0277778,0,0.0277778,0,0.0277778,0,0.0277778,0,0.0277778,0,0.0277778,0,0.0277778,0,0.0277778,3,0.777778
0.5,4.75,1.83225,0.00236407,0.00236407,0.00236407,0.0341216,True,empty floor,0,0.0277778,0,0.0277778,0,0.0277778,0,0.0277778,0,0.0277778,0,0.0277778,0,0.0277778,0,0.0277778,3,0.777778
1.5,7,4.24459,0.00236407,0.00236407,0.00236407,0.0341216,True,empty floor,0,0.0277778,0,0.0277778,0,0.0277778,0,0.0277778,0,0.0277778,0,0.0277778,0,0.0277778,0,0.0277778,3,0.777778
-1.5,7.5,4.19307,0.00236407,0.00236407,0.00236407,0.0341216,True,empty floor,0,0.0277778,0,0.0277778,0,0.0277778,0,0.0277778,0,0.0277778,0,0.0277778,0,0.0277778,0,0.0277778,3,0.777778
-1.75,7.5,4.24684,0.00236407,0.00236407,0.00236407,0.0341216,True,empty floor,0,0.0277778,0,0.0277778,0,0.0277778,0,0.0277778,0,0.0277778,0,0.0277778,0,0.0277778,0,0.0277778,3,0.777778
-2,7.5,4.31445,0.00236407,0.00236407,0.00236407,0.0341216,True,empty floor,0,0.0277778,0,0.0277778,0,0.0277778,0,0.0277778,0,0.0277778,0,0.0277778,0,0.0277778,0,0.0277778,3,0.777778
-2.25,7.5,4.39526,0.00236407,0.00236407,0.00236407,0.0341216,True,empty floor,0,0.0277778,0,0.0277778,0,0.0277778,0,0.0277778,0,0.0277778,0,0.0277778,0,0.0277778,0,0.0277778,3,0.777778
2,7.25,4.72822,0.00236407,0.00236407,0.00236407,0.0341216,True,empty floor,0,0.0277778,0,0.0277778,0,0.0277778,0,0.0277778,0,0.0277778,0,0.0277778,0,0.0277778,0,0.0277778,3,0.777778
1.75,7.25,4.58911,0.00236407,0.00236407,0.00236407,0.0341216,True,empty floor,0,0.0277778,0,0.0277778,0,0.0277778,0,0.0277778,0,0.0277778,0,0.0277778,0,0.0277778,0,0.0277778,3,0.777778
1.5,7.25,4.45968,0.00236407,0.00236407,0.00236407,0.0341216,True,empty floor,0,0.0277778,0,0.0277778,0,0.0277778,0,0.0277778,0,0.0277778,0,0.0277778,0,0.0277778,0,0.0277778,3,0.777778
1.25,7.25,4.3408,0.00236407,0.00236407,0.00236407,0.0341216,True,empty floor,0,0.0277778,0,0.0277778,0,0.0277778,0,0.0277778,0,0.0277778,0,0.0277778,0,0.0277778,0,0.0277778,3,0.777778
1,7.25,4.23337,0.00236407,0.00236407,0.00236407,0.0341216,True,empty floor,0,0.0277778,0,0.0277778,0,0.0277778,0,0.0277778,0,0.0277778,0,0.0277778,0,0.0277778,0,0.0277778,3,0.777778
0.75,7.25,4.13826,0.00236407,0.00236407,0.00236407,0.0341216,True,empty floor,0,0.0277778,0,0.0277778,0,0.0277778,0,0.0277778,0,0.0277778,0,0.0277778,0,0.0277778,0,0.0277778,3,0.777778
0.5,7.25,4.05636,0.00236407,0.00236407,0.00236407,0.0341216,True,empty floor,0,0.0277778,0,0.0277778,0,0.0277778,0,0.0277778,0,0.0277778,0,0.0277778,0,0.0277778,0,0.0277778,3,0.777778
0.25,7.25,3.98847,0.00236407,0.00236407,0.00236407,0.0341216,True,empty floor,0,0.0277778,0,0.0277778,0,0.0277778,0,0.0277778,0,0.0277778,0,0.0277778,0,0.0277778,0,0.0277778,3,0.777778
0,7.25,3.93531,0.00236407,0.00236407,0.00236407,0.0341216,True,empty floor,0,0.0277778,0,0.0277778,0,0.0277778,0,0.0277778,0,0.0277778,0,0.0277778,0,0.0277778,0,0.0277778,3,0.777778
-0.25,7.25,3.8975,0.00236407,0.00236407,0.00236407,0.0341216,True,empty floor,0,0.0277778,0,0.0277778,0,0.0277778,0,0.0277778,0,0.0277778,0,0.0277778,0,0.0277778,0,0.0277778,3,0.777778
-0.5,7.25,3.87548,0.00236407,0.00236407,0.00236407,0.0341216,True,empty floor,0,0.0277778,0,0.0277778,0,0.0277778,0,0.0277778,0,0.0277778,0,0.0277778,0,0.0277778,0,0.0277778,3,0.777778
-0.75,7.25,3.86952,0.00236407,0.00236407,0.00236407,0.0341216,True,empty floor,0,0.0277778,0,0.0277778,0,0.0277778,0,0.0277778,0,0.0277778,0,0.0277778,0,0.0277778,0,0.0277778,3,0.777778
-1,7.25,3.87969,0.00236407,0.00236407,0.00236407,0.0341216,True,empty floor,0,0.0277778,0,0.0277778,0,0.0277778,0,0.0277778,0,0.0277778,0,0.0277778,0,0.0277778,0,0.0277778,3,0.777778
-1.25,7.25,3.90587,0.00236407,0.00236407,0.00236407,0.0341216,True,empty floor,0,0.0277778,0,0.0277778,0,0.0277778,0,0.0277778,0,0.0277778,0,0.0277778,0,0.0277778,0,0.0277778,3,0.777778
-1.5,7.25,3.94774,0.00236407,0.00236407,0.00236407,0.0341216,True,empty floor,0,0.0277778,0,0.0277778,0,0.0277778,0,0.0277778,0,0.0277778,0,0.0277778,0,0.0277778,0,0.0277778,3,0.777778
-1.75,7.25,4.00481,0.00236407,0.00236407,0.00236407,0.0341216,True,empty floor,0,0.0277778,0,0.0277778,0,0.0277778,0,0.0277778,0,0.0277778,0,0.0277778,0,0.0277778,0,0.0277778,3,0.777778
-2,7.25,4.07643,0.00236407,0.00236407,0.00236407,0.0341216,True,empty floor,0,0.0277778,0,0.0277778,0,0.0277778,0,0.0277778,0,0.0277778,0,0.0277778,0,0.0277778,0,0.0277778,3,0.777778
-2.25,7.25,4.16187,0.00236407,0.00236407,0.00236407,0.0341216,True,empty floor,0,0.0277778,0,0.0277778,0,0.0277778,0,0.0277778,0,0.0277778,0,0.0277778,0,0.0277778,0,0.0277778,3,0.777778
2,7,4.52591,0.00236407,0.00236407,0.00236407,0.0341216,True,empty floor,0,0.0277778,0,0.0277778,0,0.0277778,0,0.0277778,0,0.0277778,0,0.0277778,0,0.0277778,0,0.0277778,3,0.777778
-1.25,7.5,4.15368,0.00236407,0.00236407,0.00236407,0.0341216,True,empty floor,0,0.0277778,0,0.0277778,0,0.0277778,0,0.0277778,0,0.0277778,0,0.0277778,0,0.0277778,0,0.0277778,3,0.777778
-0.75,7.5,4.11951,0.00236407,0.00236407,0.00236407,0.0341216,True,empty floor,0,0.0277778,0,0.0277778,0,0.0277778,0,0.0277778,0,0.0277778,0,0.0277778,0,0.0277778,0,0.0277778,3,0.777778
0.25,7.5,4.23144,0.00236407,0.00236407,0.00236407,0.0341216,True,empty floor,0,0.0277778,0,0.0277778,0,0.0277778,0,0.0277778,0,0.0277778,0,0.0277778,0,0.0277778,0,0.0277778,3,0.777778
-0.75,7.75,4.3695,0.00236407,0.00236407,0.00236407,0.0341216,True,empty floor,0,0.0277778,0,0.0277778,0,0.0277778,0,0.0277778,0,0.0277778,0,0.0277778,0,0.0277778,0,0.0277778,3,0.777778
1.75,7.75,5.0179,0.00236407,0.00236407,0.00236407,0.0341216,True,empty floor,0,0.0277778,0,0.0277778,0,0.0277778,0,0.0277778,0,0.0277778,0,0.0277778,0,0.0277778,0,0.0277778,3,0.777778
1.5,7.75,4.89981,0.00236407,0.00236407,0.00236407,0.0341216,True,empty floor,0,0.0277778,0,0.0277778,0,0.0277778,0,0.0277778,0,0.0277778,0,0.0277778,0,0.0277778,0,0.0277778,3,0.777778
1.25,7.75,4.79186,0.00236407,0.00236407,0.00236407,0.0341216,True,empty floor,0,0.0277778,0,0.0277778,0,0.0277778,0,0.0277778,0,0.0277778,0,0.0277778,0,0.0277778,0,0.0277778,3,0.777778
1,7.75,4.69476,0.00236407,0.00236407,0.00236407,0.0341216,True,empty floor,0,0.0277778,0,0.0277778,0,0.0277778,0,0.0277778,0,0.0277778,0,0.0277778,0,0.0277778,0,0.0277778,3,0.777778
0.75,7.75,4.60919,0.00236407,0.00236407,0.00236407,0.0341216,True,empty floor,0,0.0277778,0,0.0277778,0,0.0277778,0,0.0277778,0,0.0277778,0,0.0277778,0,0.0277778,0,0.0277778,3,0.777778
0.5,7.75,4.53579,0.00236407,0.00236407,0.00236407,0.0341216,True,empty floor,0,0.0277778,0,0.0277778,0,0.0277778,0,0.0277778,0,0.0277778,0,0.0277778,0,0.0277778,0,0.0277778,3,0.777778
0.25,7.75,4.47518,0.00236407,0.00236407,0.00236407,0.0341216,True,empty floor,0,0.0277778,0,0.0277778,0,0.0277778,0,0.0277778,0,0.0277778,0,0.0277778,0,0.0277778,0,0.0277778,3,0.777778
0,7.75,4.42788,0.00236407,0.00236407,0.00236407,0.0341216,True,empty floor,0,0.0277778,0,0.0277778,0,0.0277778,0,0.0277778,0,0.0277778,0,0.0277778,0,0.0277778,0,0.0277778,3,0.777778
-0.25,7.75,4.3943,0.00236407,0.00236407,0.00236407,0.0341216,True,empty floor,0,0.0277778,0,0.0277778,0,0.0277778,0,0.0277778,0,0.0277778,0,0.0277778,0,0.0277778,0,0.0277778,3,0.777778
-0.5,7.75,4.37478,0.00236407,0.00236407,0.00236407,0.0341216,True,empty floor,0,0.0277778,0,0.0277778,0,0.0277778,0,0.0277778,0,0.0277778,0,0.0277778,0,0.0277778,0,0.0277778,3,0.777778
-1,7.75,4.37851,0.00236407,0.00236407,0.00236407,0.0341216,True,empty floor,0,0.0277778,0,0.0277778,0,0.0277778,0,0.0277778,0,0.0277778,0,0.0277778,0,0.0277778,0,0.0277778,3,0.777778
0.5,7.5,4.29549,0.00236407,0.00236407,0.00236407,0.0341216,True,empty floor,0,0.0277778,0,0.0277778,0,0.0277778,0,0.0277778,0,0.0277778,0,0.0277778,0,0.0277778,0,0.0277778,3,0.777778
-1.25,7.75,4.40173,0.00236407,0.00236407,0.00236407,0.0341216,True,empty floor,0,0.0277778,0,0.0277778,0,0.0277778,0,0.0277778,0,0.0277778,0,0.0277778,0,0.0277778,0,0.0277778,3,0.777778
-1.5,7.75,4.43892,0.00236407,0.00236407,0.00236407,0.0341216,True,empty floor,0,0.0277778,0,0.0277778,0,0.0277778,0,0.0277778,0,0.0277778,0,0.0277778,0,0.0277778,0,0.0277778,3,0.777778
-1.75,7.75,4.48975,0.00236407,0.00236407,0.00236407,0.0341216,True,empty floor,0,0.0277778,0,0.0277778,0,0.0277778,0,0.0277778,0,0.0277778,0,0.0277778,0,0.0277778,0,0.0277778,3,0.777778
-2.25,7.75,4.63039,0.00236407,0.00236407,0.00236407,0.0341216,True,empty floor,0,0.0277778,0,0.0277778,0,0.0277778,0,0.0277778,0,0.0277778,0,0.0277778,0,0.0277778,0,0.0277778,3,0.777778
2,7.5,4.9349,0.00236407,0.00236407,0.00236407,0.0341216,True,empty floor,0,0.0277778,0,0.0277778,0,0.0277778,0,0.0277778,0,0.0277778,0,0.0277778,0,0.0277778,0,0.0277778,3,0.777778
1.75,7.5,4.80178,0.00236407,0.00236407,0.00236407,0.0341216,True,empty floor,0,0.0277778,0,0.0277778,0,0.0277778,0,0.0277778,0,0.0277778,0,0.0277778,0,0.0277778,0,0.0277778,3,0.777778
1.5,7.5,4.67824,0.00236407,0.00236407,0.00236407,0.0341216,True,empty floor,0,0.0277778,0,0.0277778,0,0.0277778,0,0.0277778,0,0.0277778,0,0.0277778,0,0.0277778,0,0.0277778,3,0.777778
1.25,7.5,4.56506,0.00236407,0.00236407,0.00236407,0.0341216,True,empty floor,0,0.0277778,0,0.0277778,0,0.0277778,0,0.0277778,0,0.0277778,0,0.0277778,0,0.0277778,0,0.0277778,3,0.777778
1,7.5,4.46302,0.00236407,0.00236407,0.00236407,0.0341216,True,empty floor,0,0.0277778,0,0.0277778,0,0.0277778,0,0.0277778,0,0.0277778,0,0.0277778,0,0.0277778,0,0.0277778,3,0.777778
0.75,7.5,4.37292,0.00236407,0.00236407,0.00236407,0.0341216,True,empty floor,0,0.0277778,0,0.0277778,0,0.0277778,0,0.0277778,0,0.0277778,0,0.0277778,0,0.0277778,0,0.0277778,3,0.777778
1.75,7,4.38038,0.00236407,0.00236407,0.00236407,0.0341216,True,empty floor,0,0.0277778,0,0.0277778,0,0.0277778,0,0.0277778,0,0.0277778,0,0.0277778,0,0.0277778,0,0.0277778,3,0.777778
1.25,7,4.11951,0.00236407,0.00236407,0.00236407,0.0341216,True,empty floor,0,0.0277778,0,0.0277778,0,0.0277778,0,0.0277778,0,0.0277778,0,0.0277778,0,0.0277778,0,0.0277778,3,0.777778
1.5,6.25,3.62629,0.00236407,0.00236407,0.00236407,0.0341216,True,empty floor,0,0.0277778,0,0.0277778,0,0.0277778,0,0.0277778,0,0.0277778,0,0.0277778,0,0.0277778,0,0.0277778,3,0.777778
1,7,4.00615,0.00236407,0.00236407,0.00236407,0.0341216,True,empty floor,0,0.0277778,0,0.0277778,0,0.0277778,0,0.0277778,0,0.0277778,0,0.0277778,0,0.0277778,0,0.0277778,3,0.777778
-1.5,6.75,3.45909,0.00236407,0.00236407,0.00236407,0.0341216,True,empty floor,0,0.0277778,0,0.0277778,0,0.0277778,0,0.0277778,0,0.0277778,0,0.0277778,0,0.0277778,0,0.0277778,3,0.777778
-1.75,6.75,3.52408,0.00236407,0.00236407,0.00236407,0.0341216,True,empty floor,0,0.0277778,0,0.0277778,0,0.0277778,0,0.0277778,0,0.0277778,0,0.0277778,0,0.0277778,0,0.0277778,3,0.777778
-2.25,6.75,3.70159,0.00236407,0.00236407,0.00236407,0.0341216,True,empty floor,0,0.0277778,0,0.0277778,0,0.0277778,0,0.0277778,0,0.0277778,0,0.0277778,0,0.0277778,0,0.0277778,3,0.777778
2,6.5,4.13697,0.00236407,0.00236407,0.00236407,0.0341216,True,empty floor,0,0.0277778,0,0.0277778,0,0.0277778,0,0.0277778,0,0.0277778,0,0.0277778,0,0.0277778,0,0.0277778,3,0.777778
1.75,6.5,3.97723,0.00236407,0.00236407,0.00236407,0.0341216,True,empty floor,0,0.0277778,0,0.0277778,0,0.0277778,0,0.0277778,0,0.0277778,0,0.0277778,0,0.0277778,0,0.0277778,3,0.777778
1.5,6.5,3.82716,0.00236407,0.00236407,0.00236407,0.0341216,True,empty floor,0,0.0277778,0,0.0277778,0,0.0277778,0,0.0277778,0,0.0277778,0,0.0277778,0,0.0277778,0,0.0277778,3,0.777778
1.25,6.5,3.68795,0.00236407,0.00236407,0.00236407,0.0341216,True,empty floor,0,0.0277778,0,0.0277778,0,0.0277778,0,0.0277778,0,0.0277778,0,0.0277778,0,0.0277778,0,0.0277778,3,0.777778
1,6.5,3.56087,0.00236407,0.00236407,0.00236407,0.0341216,True,empty floor,0,0.0277778,0,0.0277778,0,0.0277778,0,0.0277778,0,0.0277778,0,0.0277778,0,0.0277778,0,0.0277778,3,0.777778
0.75,6.5,3.44727,0.00236407,0.00236407,0.00236407,0.0341216,True,empty floor,0,0.0277778,0,0.0277778,0,0.0277778,0,0.0277778,0,0.0277778,0,0.0277778,0,0.0277778,0,0.0277778,3,0.777778
0.5,6.5,3.3485,0.00236407,0.00236407,0.00236407,0.0341216,True,empty floor,0,0.0277778,0,0.0277778,0,0.0277778,0,0.0277778,0,0.0277778,0,0.0277778,0,0.0277778,0,0.0277778,3,0.777778
0.25,6.5,3.26593,0.00236407,0.00236407,0.00236407,0.0341216,True,empty floor,0,0.0277778,0,0.0277778,0,0.0277778,0,0.0277778,0,0.0277778,0,0.0277778,0,0.0277778,0,0.0277778,3,0.777778
0,6.5,3.2008,0.00236407,0.00236407,0.00236407,0.0341216,True,empty floor,0,0.0277778,0,0.0277778,0,0.0277778,0,0.0277778,0,0.0277778,0,0.0277778,0,0.0277778,0,0.0277778,3,0.777778
-0.25,6.5,3.1542,0.00236407,0.00236407,0.00236407,0.0341216,True,empty floor,0,0.0277778,0,0.0277778,0,0.0277778,0,0.0277778,0,0.0277778,0,0.0277778,0,0.0277778,0,0.0277778,3,0.777778
-0.5,6.5,3.12694,0.00236407,0.00236407,0.00236407,0.0341216,True,empty floor,0,0.0277778,0,0.0277778,0,0.0277778,0,0.0277778,0,0.0277778,0,0.0277778,0,0.0277778,0,0.0277778,3,0.777778
-0.75,6.5,3.11955,0.00236407,0.00236407,0.00236407,0.0341216,True,empty floor,0,0.0277778,0,0.0277778,0,0.0277778,0,0.0277778,0,0.0277778,0,0.0277778,0,0.0277778,0,0.0277778,3,0.777778
-1,6.5,3.13216,0.00236407,0.00236407,0.00236407,0.0341216,True,empty floor,0,0.0277778,0,0.0277778,0,0.0277778,0,0.0277778,0,0.0277778,0,0.0277778,0,0.0277778,0,0.0277778,3,0.777778
-1.25,6.5,3.16453,0.00236407,0.00236407,0.00236407,0.0341216,True,empty floor,0,0.0277778,0,0.0277778,0,0.0277778,0,0.0277778,0,0.0277778,0,0.0277778,0,0.0277778,0,0.0277778,3,0.777778
-1.5,6.5,3.21607,0.00236407,0.00236407,0.00236407,0.0341216,True,empty floor,0,0.0277778,0,0.0277778,0,0.0277778,0,0.0277778,0,0.0277778,0,0.0277778,0,0.0277778,0,0.0277778,3,0.777778
-1.75,6.5,3.28587,0.00236407,0.00236407,0.00236407,0.0341216,True,empty floor,0,0.0277778,0,0.0277778,0,0.0277778,0,0.0277778,0,0.0277778,0,0.0277778,0,0.0277778,0,0.0277778,3,0.777778
-2,6.5,3.37279,0.00236407,0.00236407,0.00236407,0.0341216,True,empty floor,0,0.0277778,0,0.0277778,0,0.0277778,0,0.0277778,0,0.0277778,0,0.0277778,0,0.0277778,0,0.0277778,3,0.777778
-2.25,6.5,3.47557,0.00236407,0.00236407,0.00236407,0.0341216,True,empty floor,0,0.0277778,0,0.0277778,0,0.0277778,0,0.0277778,0,0.0277778,0,0.0277778,0,0.0277778,0,0.0277778,3,0.777778
2,6.25,3.95188,0.00236407,0.00236407,0.00236407,0.0341216,True,empty floor,0,0.0277778,0,0.0277778,0,0.0277778,0,0.0277778,0,0.0277778,0,0.0277778,0,0.0277778,0,0.0277778,3,0.777778
1.75,6.25,3.78433,0.00236407,0.00236407,0.00236407,0.0341216,True,empty floor,0,0.0277778,0,0.0277778,0,0.0277778,0,0.0277778,0,0.0277778,0,0.0277778,0,0.0277778,0,0.0277778,3,0.777778
-1.25,6.75,3.41122,0.00236407,0.00236407,0.00236407,0.0341216,True,empty floor,0,0.0277778,0,0.0277778,0,0.0277778,0,0.0277778,0,0.0277778,0,0.0277778,0,0.0277778,0,0.0277778,3,0.777778
-1,6.75,3.38122,0.00236407,0.00236407,0.00236407,0.0341216,True,empty floor,0,0.0277778,0,0.0277778,0,0.0277778,0,0.0277778,0,0.0277778,0,0.0277778,0,0.0277778,0,0.0277778,3,0.777778
-0.75,6.75,3.36954,0.00236407,0.00236407,0.00236407,0.0341216,True,empty floor,0,0.0277778,0,0.0277778,0,0.0277778,0,0.0277778,0,0.0277778,0,0.0277778,0,0.0277778,0,0.0277778,3,0.777778
-1.75,7,3.76381,0.00236407,0.00236407,0.00236407,0.0341216,True,empty floor,0,0.0277778,0,0.0277778,0,0.0277778,0,0.0277778,0,0.0277778,0,0.0277778,0,0.0277778,0,0.0277778,3,0.777778
0.75,7,3.90551,0.00236407,0.00236407,0.00236407,0.0341216,True,empty floor,0,0.0277778,0,0.0277778,0,0.0277778,0,0.0277778,0,0.0277778,0,0.0277778,0,0.0277778,0,0.0277778,3,0.777778
0.5,7,3.81862,0.00236407,0.00236407,0.00236407,0.0341216,True,empty floor,0,0.0277778,0,0.0277778,0,0.0277778,0,0.0277778,0,0.0277778,0,0.0277778,0,0.0277778,0,0.0277778,3,0.777778
0.25,7,3.74642,0.00236407,0.00236407,0.00236407,0.0341216,True,empty floor,0,0.0277778,0,0.0277778,0,0.0277778,0,0.0277778,0,0.0277778,0,0.0277778,0,0.0277778,0,0.0277778,3,0.777778
0,7,3.68978,0.00236407,0.00236407,0.00236407,0.0341216,True,empty floor,0,0.0277778,0,0.0277778,0,0.0277778,0,0.0277778,0,0.0277778,0,0.0277778,0,0.0277778,0,0.0277778,3,0.777778
-0.25,7,3.64943,0.00236407,0.00236407,0.00236407,0.0341216,True,empty floor,0,0.0277778,0,0.0277778,0,0.0277778,0,0.0277778,0,0.0277778,0,0.0277778,0,0.0277778,0,0.0277778,3,0.777778
-0.5,7,3.6259,0.00236407,0.00236407,0.00236407,0.0341216,True,empty floor,0,0.0277778,0,0.0277778,0,0.0277778,0,0.0277778,0,0.0277778,0,0.0277778,0,0.0277778,0,0.0277778,3,0.777778
-0.75,7,3.61953,0.00236407,0.00236407,0.00236407,0.0341216,True,empty floor,0,0.0277778,0,0.0277778,0,0.0277778,0,0.0277778,0,0.0277778,0,0.0277778,0,0.0277778,0,0.0277778,3,0.777778
-1,7,3.6304,0.00236407,0.00236407,0.00236407,0.0341216,True,empty floor,0,0.0277778,0,0.0277778,0,0.0277778,0,0.0277778,0,0.0277778,0,0.0277778,0,0.0277778,0,0.0277778,3,0.777778
-1.25,7,3.65837,0.00236407,0.00236407,0.00236407,0.0341216,True,empty floor,0,0.0277778,0,0.0277778,0,0.0277778,0,0.0277778,0,0.0277778,0,0.0277778,0,0.0277778,0,0.0277778,3,0.777778
-1.5,7,3.70304,0.00236407,0.00236407,0.00236407,0.0341216,True,empty floor,0,0.0277778,0,0.0277778,0,0.0277778,0,0.0277778,0,0.0277778,0,0.0277778,0,0.0277778,0,0.0277778,3,0.777778
-2,7,3.83994,0.00236407,0.00236407,0.00236407,0.0341216,True,empty floor,0,0.0277778,0,0.0277778,0,0.0277778,0,0.0277778,0,0.0277778,0,0.0277778,0,0.0277778,0,0.0277778,3,0.777778
-0.5,6.75,3.37638,0.00236407,0.00236407,0.00236407,0.0341216,True,empty floor,0,0.0277778,0,0.0277778,0,0.0277778,0,0.0277778,0,0.0277778,0,0.0277778,0,0.0277778,0,0.0277778,3,0.777778
-2.25,7,3.93052,0.00236407,0.00236407,0.00236407,0.0341216,True,empty floor,0,0.0277778,0,0.0277778,0,0.0277778,0,0.0277778,0,0.0277778,0,0.0277778,0,0.0277778,0,0.0277778,3,0.777778
2,6.75,4.32859,0.00236407,0.00236407,0.00236407,0.0341216,True,empty floor,0,0.0277778,0,0.0277778,0,0.0277778,0,0.0277778,0,0.0277778,0,0.0277778,0,0.0277778,0,0.0277778,3,0.777778
1.75,6.75,4.17619,0.00236407,0.00236407,0.00236407,0.0341216,True,empty floor,0,0.0277778,0,0.0277778,0,0.0277778,0,0.0277778,0,0.0277778,0,0.0277778,0,0.0277778,0,0.0277778,3,0.777778
1.5,6.75,4.03353,0.00236407,0.00236407,0.00236407,0.0341216,True,empty floor,0,0.0277778,0,0.0277778,0,0.0277778,0,0.0277778,0,0.0277778,0,0.0277778,0,0.0277778,0,0.0277778,3,0.777778
1,6.75,3.7818,0.00236407,0.00236407,0.00236407,0.0341216,True,empty floor,0,0.0277778,0,0.0277778,0,0.0277778,0,0.0277778,0,0.0277778,0,0.0277778,0,0.0277778,0,0.0277778,3,0.777778
0.75,6.75,3.67503,0.00236407,0.00236407,0.00236407,0.0341216,True,empty floor,0,0.0277778,0,0.0277778,0,0.0277778,0,0.0277778,0,0.0277778,0,0.0277778,0,0.0277778,0,0.0277778,3,0.777778
0.5,6.75,3.58255,0.00236407,0.00236407,0.00236407,0.0341216,True,empty floor,0,0.0277778,0,0.0277778,0,0.0277778,0,0.0277778,0,0.0277778,0,0.0277778,0,0.0277778,0,0.0277778,3,0.777778
0.25,6.75,3.50549,0.00236407,0.00236407,0.00236407,0.0341216,True,empty floor,0,0.0277778,0,0.0277778,0,0.0277778,0,0.0277778,0,0.0277778,0,0.0277778,0,0.0277778,0,0.0277778,3,0.777778
0,6.75,3.4449,0.00236407,0.00236407,0.00236407,0.0341216,True,empty floor,0,0.0277778,0,0.0277778,0,0.0277778,0,0.0277778,0,0.0277778,0,0.0277778,0,0.0277778,0,0.0277778,3,0.777778
-0.25,6.75,3.40164,0.00236407,0.00236407,0.00236407,0.0341216,True,empty floor,0,0.0277778,0,0.0277778,0,0.0277778,0,0.0277778,0,0.0277778,0,0.0277778,0,0.0277778,0,0.0277778,3,0.777778
0.75,4.75,2.00707,0.00236407,0.00236407,0.00236407,0.0341216,True,empty floor,0,0.0277778,0,0.0277778,0,0.0277778,0,0.0277778,0,0.0277778,0,0.0277778,0,0.0277778,0,0.0277778,3,0.777778
0.25,4.75,1.67659,0.00236407,0.00236407,0.00236407,0.0341216,True,empty floor,0,0.0277778,0,0.0277778,0,0.0277778,0,0.0277778,0,0.0277778,0,0.0277778,0,0.0277778,0,0.0277778,3,0.777778
-2,1.75,2.07464,0.00236407,0.00236407,0.00236407,0.0341216,True,empty floor,0,0.0277778,0,0.0277778,0,0.0277778,0,0.0277778,0,0.0277778,0,0.0277778,0,0.0277778,0,0.0277778,3,0.777778
-1.75,2.5,1.35715,0.00236407,0.00236407,0.00236407,0.0341216,True,empty floor,0,0.0277778,0,0.0277778,0,0.0277778,0,0.0277778,0,0.0277778,0,0.0277778,0,0.0277778,0,0.0277778,3,0.777778
0.25,2.75,1.15475,0.00236407,0.00236407,0.00236407,0.0341216,True,empty floor,0,0.0277778,0,0.0277778,0,0.0277778,0,0.0277778,0,0.0277778,0,0.0277778,0,0.0277778,0,0.0277778,3,0.777778
0,2.75,0.955126,0.00236407,0.00236407,0.00236407,0.0341216,True,empty floor,0,0.0277778,0,0.0277778,0,0.0277778,0,0.0277778,0,0.0277778,0,0.0277778,0,0.0277778,0,0.0277778,3,0.777778
-0.25,2.75,0.784915,0.00236407,0.00236407,0.00236407,0.0341216,True,empty floor,0,0.0277778,0,0.0277778,0,0.0277778,0,0.0277778,0,0.0277778,0,0.0277778,0,0.0277778,0,0.0277778,3,0.777778
-0.5,2.75,0.667022,0.00236407,0.00236407,0.00236407,0.0341216,True,empty floor,0,0.0277778,0,0.0277778,0,0.0277778,0,0.0277778,0,0.0277778,0,0.0277778,0,0.0277778,0,0.0277778,3,0.777778
-0.75,2.75,0.631463,0.00236407,0.00236407,0.00236407,0.0341216,True,empty floor,0,0.0277778,0,0.0277778,0,0.0277778,0,0.0277778,0,0.0277778,0,0.0277778,0,0.0277778,0,0.0277778,3,0.777778
-1,2.75,0.691066,0.00236407,0.00236407,0.00236407,0.0341216,True,empty floor,0,0.0277778,0,0.0277778,0,0.0277778,0,0.0277778,0,0.0277778,0,0.0277778,0,0.0277778,0,0.0277778,3,0.777778
-1.25,2.75,0.825469,0.00236407,0.00236407,0.00236407,0.0341216,True,empty floor,0,0.0277778,0,0.0277778,0,0.0277778,0,0.0277778,0,0.0277778,0,0.0277778,0,0.0277778,0,0.0277778,3,0.777778
-1.5,2.75,1.0051,0.00236407,0.00236407,0.00236407,0.0341216,True,empty floor,0,0.0277778,0,0.0277778,0,0.0277778,0,0.0277778,0,0.0277778,0,0.0277778,0,0.0277778,0,0.0277778,3,0.777778
-2,2.75,1.42929,0.00236407,0.00236407,0.00236407,0.0341216,True,empty floor,0,0.0277778,0,0.0277778,0,0.0277778,0,0.0277778,0,0.0277778,0,0.0277778,0,0.0277778,0,0.0277778,3,0.777778
-2.25,2.75,1.65732,0.00236407,0.00236407,0.00236407,0.0341216,True,empty floor,0,0.0277778,0,0.0277778,0,0.0277778,0,0.0277778,0,0.0277778,0,0.0277778,0,0.0277778,0,0.0277778,3,0.777778
2,2.5,2.85648,0.00236407,0.00236407,0.00236407,0.0341216,True,empty floor,0,0.0277778,0,0.0277778,0,0.0277778,0,0.0277778,0,0.0277778,0,0.0277778,0,0.0277778,0,0.0277778,3,0.777778
1.75,2.5,2.61979,0.00236407,0.00236407,0.00236407,0.0341216,True,empty floor,0,0.0277778,0,0.0277778,0,0.0277778,0,0.0277778,0,0.0277778,0,0.0277778,0,0.0277778,0,0.0277778,3,0.777778
1.5,2.5,2.38582,0.00236407,0.00236407,0.00236407,0.0341216,True,empty floor,0,0.0277778,0,0.0277778,0,0.0277778,0,0.0277778,0,0.0277778,0,0.0277778,0,0.0277778,0,0.0277778,3,0.777778
1.25,2.5,2.15544,0.00236407,0.00236407,0.00236407,0.0341216,True,empty floor,0,0.0277778,0,0.0277778,0,0.0277778,0,0.0277778,0,0.0277778,0,0.0277778,0,0.0277778,0,0.0277778,3,0.777778
1,2.5,1.92997,0.00236407,0.00236407,0.00236407,0.0341216,True,empty floor,0,0.0277778,0,0.0277778,0,0.0277778,0,0.0277778,0,0.0277778,0,0.0277778,0,0.0277778,0,0.0277778,3,0.777778
0.75,2.5,1.71131,0.00236407,0.00236407,0.00236407,0.0341216,True,empty floor,0,0.0277778,0,0.0277778,0,0.0277778,0,0.0277778,0,0.0277778,0,0.0277778,0,0.0277778,0,0.0277778,3,0.777778
0.5,2.5,1.50247,0.00236407,0.00236407,0.00236407,0.0341216,True,empty floor,0,0.0277778,0,0.0277778,0,0.0277778,0,0.0277778,0,0.0277778,0,0.0277778,0,0.0277778,0,0.0277778,3,0.777778
0.25,2.5,1.30815,0.00236407,0.00236407,0.00236407,0.0341216,True,empty floor,0,0.0277778,0,0.0277778,0,0.0277778,0,0.0277778,0,0.0277778,0,0.0277778,0,0.0277778,0,0.0277778,3,0.777778
0,2.5,1.13581,0.00236407,0.00236407,0.00236407,0.0341216,True,empty floor,0,0.0277778,0,0.0277778,0,0.0277778,0,0.0277778,0,0.0277778,0,0.0277778,0,0.0277778,0,0.0277778,3,0.777778
-0.25,2.5,0.996946,0.00236407,0.00236407,0.00236407,0.0341216,True,empty floor,0,0.0277778,0,0.0277778,0,0.0277778,0,0.0277778,0,0.0277778,0,0.0277778,0,0.0277778,0,0.0277778,3,0.777778
-0.5,2.5,0.907043,0.00236407,0.00236407,0.00236407,0.0341216,True,empty floor,0,0.0277778,0,0.0277778,0,0.0277778,0,0.0277778,0,0.0277778,0,0.0277778,0,0.0277778,0,0.0277778,3,0.777778
-0.75,2.5,0.881223,0.00236407,0.00236407,0.00236407,0.0341216,True,empty floor,0,0.0277778,0,0.0277778,0,0.0277778,0,0.0277778,0,0.0277778,0,0.0277778,0,0.0277778,0,0.0277778,3,0.777778
-1,2.5,0.924868,0.00236407,0.00236407,0.00236407,0.0341216,True,empty floor,0,0.0277778,0,0.0277778,0,0.0277778,0,0.0277778,0,0.0277778,0,0.0277778,0,0.0277778,0,0.0277778,3,0.777778
0.5,2.75,1.37099,0.00236407,0.00236407,0.00236407,0.0341216,True,empty floor,0,0.0277778,0,0.0277778,0,0.0277778,0,0.0277778,0,0.0277778,0,0.0277778,0,0.0277778,0,0.0277778,3,0.777778
1.5,2.75,2.30528,0.00236407,0.00236407,0.00236407,0.0341216,True,empty floor,0,0.0277778,0,0.0277778,0,0.0277778,0,0.0277778,0,0.0277778,0,0.0277778,0,0.0277778,0,0.0277778,3,0.777778
1.75,2.75,2.54666,0.00236407,0.00236407,0.00236407,0.0341216,True,empty floor,0,0.0277778,0,0.0277778,0,0.0277778,0,0.0277778,0,0.0277778,0,0.0277778,0,0.0277778,0,0.0277778,3,0.777778
0.75,3,1.51591,0.00236407,0.00236407,0.00236407,0.0341216,True,empty floor,0,0.0277778,0,0.0277778,0,0.0277778,0,0.0277778,0,0.0277778,0,0.0277778,0,0.0277778,0,0.0277778,3,0.777778
-1,3.25,0.311375,0.00236407,0.00236407,0.00236407,0.0341216,True,empty floor,0,0.0277778,0,0.0277778,0,0.0277778,0,0.0277778,0,0.0277778,0,0.0277778,0,0.0277778,0,0.0277778,3,0.777778
-1.25,3.25,0.548435,0.00236407,0.00236407,0.00236407,0.136486,False,person,0,0.111111,0,0.111111,0,0.111111,0,0.111111,0,0.111111,0,0.111111,0,0.111111,0,0.111111,0,0.111111
-1.5,3.25,0.793478,0.00236407,0.00236407,0.00236407,0.0341216,True,empty floor,0,0.0277778,0,0.0277778,0,0.0277778,0,0.0277778,0,0.0277778,0,0.0277778,0,0.0277778,0,0.0277778,3,0.777778
-2,3.25,1.28929,0.00236407,0.00236407,0.00236407,0.0341216,True,empty floor,0,0.0277778,0,0.0277778,0,0.0277778,0,0.0277778,0,0.0277778,0,0.0277778,0,0.0277778,0,0.0277778,3,0.777778
-2.25,3.25,1.53821,0.00236407,0.00236407,0.00236407,0.0341216,True,empty floor,0,0.0277778,0,0.0277778,0,0.0277778,0,0.0277778,0,0.0277778,0,0.0277778,0,0.0277778,0,0.0277778,3,0.777778
2,3,2.74387,0.00236407,0.00236407,0.00236407,0.019498,True,empty floor,0,0.015873,0,0.015873,0,0.015873,0,0.015873,0,0.015873,0,0.015873,0,0.015873,0,0.015873,6,0.873016
1.75,3,2.49653,0.00236407,0.00236407,0.00236407,0.019498,True,empty floor,0,0.015873,0,0.015873,0,0.015873,0,0.015873,0,0.015873,0,0.015873,0,0.015873,0,0.015873,6,0.873016
1.5,3,2.24978,0.00236407,0.00236407,0.00236407,0.019498,True,empty floor,0,0.015873,0,0.015873,0,0.015873,0,0.015873,0,0.015873,0,0.015873,0,0.015873,0,0.015873,6,0.873016
1.25,3,2.00383,0.00236407,0.00236407,0.00236407,0.0341216,True,empty floor,0,0.0277778,0,0.0277778,0,0.0277778,0,0.0277778,0,0.0277778,0,0.0277778,0,0.0277778,0,0.0277778,3,0.777778
1,3,1.75902,0.00236407,0.00236407,0.00236407,0.0341216,True,empty floor,0,0.0277778,0,0.0277778,0,0.0277778,0,0.0277778,0,0.0277778,0,0.0277778,0,0.0277778,0,0.0277778,3,0.777778
0.5,3,1.27546,0.00236407,0.00236407,0.00236407,0.0341216,True,empty floor,0,0.0277778,0,0.0277778,0,0.0277778,0,0.0277778,0,0.0277778,0,0.0277778,0,0.0277778,0,0.0277778,3,0.777778
2,2.75,2.78956,0.00236407,0.00236407,0.00236407,0.0341216,True,empty floor,0,0.0277778,0,0.0277778,0,0.0277778,0,0.0277778,0,0.0277778,0,0.0277778,0,0.0277778,0,0.0277778,3,0.777778
0.25,3,1.03953,0.00236407,0.00236407,0.00236407,0.0341216,True,empty floor,0,0.0277778,0,0.0277778,0,0.0277778,0,0.0277778,0,0.0277778,0,0.0277778,0,0.0277778,0,0.0277778,3,0.777778
0,3,0.812069,0.00236407,0.00236407,0.00236407,0.0341216,True,empty floor,0,0.0277778,0,0.0277778,0,0.0277778,0,0.0277778,0,0.0277778,0,0.0277778,0,0.0277778,0,0.0277778,3,0.777778
-0.25,3,0.602729,0.00236407,0.00236407,0.00236407,0.0341216,True,empty floor,0,0.0277778,0,0.0277778,0,0.0277778,0,0.0277778,0,0.0277778,0,0.0277778,0,0.0277778,0,0.0277778,3,0.777778
-0.5,3,0.438303,0.00236407,0.00236407,0.00236407,0.0341216,True,empty floor,0,0.0277778,0,0.0277778,0,0.0277778,0,0.0277778,0,0.0277778,0,0.0277778,0,0.0277778,0,0.0277778,3,0.777778
-0.75,3,0.382016,0.00236407,0.00236407,0.00236407,0.0341216,True,empty floor,0,0.0277778,0,0.0277778,0,0.0277778,0,0.0277778,0,0.0277778,0,0.0277778,0,0.0277778,0,0.0277778,3,0.777778
-1,3,0.474092,0.00236407,0.00236407,0.00236407,0.0341216,True,empty floor,0,0.0277778,0,0.0277778,0,0.0277778,0,0.0277778,0,0.0277778,0,0.0277778,0,0.0277778,0,0.0277778,3,0.777778
-1.25,3,0.654668,0.00236407,0.00236407,0.00236407,0.0341216,True,empty floor,0,0.0277778,0,0.0277778,0,0.0277778,0,0.0277778,0,0.0277778,0,0.0277778,0,0.0277778,0,0.0277778,3,0.777778
-1.5,3,0.870297,0.00236407,0.00236407,0.00236407,0.0341216,True,empty floor,0,0.0277778,0,0.0277778,0,0.0277778,0,0.0277778,0,0.0277778,0,0.0277778,0,0.0277778,0,0.0277778,3,0.777778
-2,3,1.33794,0.00236407,0.00236407,0.00236407,0.0341216,True,empty floor,0,0.0277778,0,0.0277778,0,0.0277778,0,0.0277778,0,0.0277778,0,0.0277778,0,0.0277778,0,0.0277778,3,0.777778
-2.25,3,1.57921,0.00236407,0.00236407,0.00236407,0.0341216,True,empty floor,0,0.0277778,0,0.0277778,0,0.0277778,0,0.0277778,0,0.0277778,0,0.0277778,0,0.0277778,0,0.0277778,3,0.777778
-1.5,2.5,1.17815,0.00236407,0.00236407,0.00236407,0.0341216,True,empty floor,0,0.0277778,0,0.0277778,0,0.0277778,0,0.0277778,0,0.0277778,0,0.0277778,0,0.0277778,0,0.0277778,3,0.777778
-2,2.5,1.55586,0.00236407,0.00236407,0.00236407,0.0341216,True,empty floor,0,0.0277778,0,0.0277778,0,0.0277778,0,0.0277778,0,0.0277778,0,0.0277778,0,0.0277778,0,0.0277778,3,0.777778
-0.5,3.25,0.253576,0.00236407,0.00236407,0.00236407,0.0341216,True,empty floor,0,0.0277778,0,0.0277778,0,0.0277778,0,0.0277778,0,0.0277778,0,0.0277778,0,0.0277778,0,0.0277778,3,0.777778
-2.25,2.5,1.76763,0.00236407,0.00236407,0.00236407,0.0341216,True,empty floor,0,0.0277778,0,0.0277778,0,0.0277778,0,0.0277778,0,0.0277778,0,0.0277778,0,0.0277778,0,0.0277778,3,0.777778
-0.75,2,1.381,0.00236407,0.00236407,0.00236407,0.0341216,True,empty floor,0,0.0277778,0,0.0277778,0,0.0277778,0,0.0277778,0,0.0277778,0,0.0277778,0,0.0277778,0,0.0277778,3,0.777778
-1,2,1.40925,0.00236407,0.00236407,0.00236407,0.0341216,True,empty floor,0,0.0277778,0,0.0277778,0,0.0277778,0,0.0277778,0,0.0277778,0,0.0277778,0,0.0277778,0,0.0277778,3,0.777778
-1.25,2,1.47981,0.00236407,0.00236407,0.00236407,0.0341216,True,empty floor,0,0.0277778,0,0.0277778,0,0.0277778,0,0.0277778,0,0.0277778,0,0.0277778,0,0.0277778,0,0.0277778,3,0.777778
-1.5,2,1.58703,0.00236407,0.00236407,0.00236407,0.0341216,True,empty floor,0,0.0277778,0,0.0277778,0,0.0277778,0,0.0277778,0,0.0277778,0,0.0277778,0,0.0277778,0,0.0277778,3,0.777778
-1.75,2,1.72409,0.00236407,0.00236407,0.00236407,0.0341216,True,empty floor,0,0.0277778,0,0.0277778,0,0.0277778,0,0.0277778,0,0.0277778,0,0.0277778,0,0.0277778,0,0.0277778,3,0.777778
-2,2,1.88449,0.00236407,0.00236407,0.00236407,0.0341216,True,empty floor,0,0.0277778,0,0.0277778,0,0.0277778,0,0.0277778,0,0.0277778,0,0.0277778,0,0.0277778,0,0.0277778,3,0.777778
-2.25,2,2.0628,0.00236407,0.00236407,0.00236407,0.0341216,True,empty floor,0,0.0277778,0,0.0277778,0,0.0277778,0,0.0277778,0,0.0277778,0,0.0277778,0,0.0277778,0,0.0277778,3,0.777778
2,1.75,3.16905,0.00236407,0.00236407,0.00236407,0.0341216,True,empty floor,0,0.0277778,0,0.0277778,0,0.0277778,0,0.0277778,0,0.0277778,0,0.0277778,0,0.0277778,0,0.0277778,3,0.777778
1.75,1.75,2.95748,0.00236407,0.00236407,0.00236407,0.0341216,True,empty floor,0,0.0277778,0,0.0277778,0,0.0277778,0,0.0277778,0,0.0277778,0,0.0277778,0,0.0277778,0,0.0277778,3,0.777778
1.5,1.75,2.75237,0.00236407,0.00236407,0.00236407,0.0341216,True,empty floor,0,0.0277778,0,0.0277778,0,0.0277778,0,0.0277778,0,0.0277778,0,0.0277778,0,0.0277778,0,0.0277778,3,0.777778
1.25,1.75,2.55526,0.00236407,0.00236407,0.00236407,0.0341216,True,empty floor,0,0.0277778,0,0.0277778,0,0.0277778,0,0.0277778,0,0.0277778,0,0.0277778,0,0.0277778,0,0.0277778,3,0.777778
1,1.75,2.36816,0.00236407,0.00236407,0.00236407,0.0341216,True,empty floor,0,0.0277778,0,0.0277778,0,0.0277778,0,0.0277778,0,0.0277778,0,0.0277778,0,0.0277778,0,0.0277778,3,0.777778
0.75,1.75,2.19363,0.00236407,0.00236407,0.00236407,0.0341216,True,empty floor,0,0.0277778,0,0.0277778,0,0.0277778,0,0.0277778,0,0.0277778,0,0.0277778,0,0.0277778,0,0.0277778,3,0.777778
0.5,1.75,2.03491,0.00236407,0.00236407,0.00236407,0.0341216,True,empty floor,0,0.0277778,0,0.0277778,0,0.0277778,0,0.0277778,0,0.0277778,0,0.0277778,0,0.0277778,0,0.0277778,3,0.777778
0.25,1.75,1.89596,0.00236407,0.00236407,0.00236407,0.0341216,True,empty floor,0,0.0277778,0,0.0277778,0,0.0277778,0,0.0277778,0,0.0277778,0,0.0277778,0,0.0277778,0,0.0277778,3,0.777778
0,1.75,1.78143,0.00236407,0.00236407,0.00236407,0.0341216,True,empty floor,0,0.0277778,0,0.0277778,0,0.0277778,0,0.0277778,0,0.0277778,0,0.0277778,0,0.0277778,0,0.0277778,3,0.777778
-0.25,1.75,1.69627,0.00236407,0.00236407,0.00236407,0.0341216,True,empty floor,0,0.0277778,0,0.0277778,0,0.0277778,0,0.0277778,0,0.0277778,0,0.0277778,0,0.0277778,0,0.0277778,3,0.777778
-0.5,1.75,1.64504,0.00236407,0.00236407,0.00236407,0.0341216,True,empty floor,0,0.0277778,0,0.0277778,0,0.0277778,0,0.0277778,0,0.0277778,0,0.0277778,0,0.0277778,0,0.0277778,3,0.777778
-0.75,1.75,1.63094,0.00236407,0.00236407,0.00236407,0.0341216,True,empty floor,0,0.0277778,0,0.0277778,0,0.0277778,0,0.0277778,0,0.0277778,0,0.0277778,0,0.0277778,0,0.0277778,3,0.777778
-1,1.75,1.65493,0.00236407,0.00236407,0.00236407,0.0341216,True,empty floor,0,0.0277778,0,0.0277778,0,0.0277778,0,0.0277778,0,0.0277778,0,0.0277778,0,0.0277778,0,0.0277778,3,0.777778
-1.25,1.75,1.71541,0.00236407,0.00236407,0.00236407,0.0341216,True,empty floor,0,0.0277778,0,0.0277778,0,0.0277778,0,0.0277778,0,0.0277778,0,0.0277778,0,0.0277778,0,0.0277778,3,0.777778
-1.5,1.75,1.80872,0.00236407,0.00236407,0.00236407,0.0341216,True,empty floor,0,0.0277778,0,0.0277778,0,0.0277778,0,0.0277778,0,0.0277778,0,0.0277778,0,0.0277778,0,0.0277778,3,0.777778
-1.75,1.75,1.9301,0.00236407,0.00236407,0.00236407,0.0341216,True,empty floor,0,0.0277778,0,0.0277778,0,0.0277778,0,0.0277778,0,0.0277778,0,0.0277778,0,0.0277778,0,0.0277778,3,0.777778
-0.5,2,1.39762,0.00236407,0.00236407,0.00236407,0.0341216,True,empty floor,0,0.0277778,0,0.0277778,0,0.0277778,0,0.0277778,0,0.0277778,0,0.0277778,0,0.0277778,0,0.0277778,3,0.777778
-0.25,2,1.45757,0.00236407,0.00236407,0.00236407,0.0341216,True,empty floor,0,0.0277778,0,0.0277778,0,0.0277778,0,0.0277778,0,0.0277778,0,0.0277778,0,0.0277778,0,0.0277778,3,0.777778
0.75,2,2.01475,0.00236407,0.00236407,0.00236407,0.0341216,True,empty floor,0,0.0277778,0,0.0277778,0,0.0277778,0,0.0277778,0,0.0277778,0,0.0277778,0,0.0277778,0,0.0277778,3,0.777778
-0.5,2.25,1.15132,0.00236407,0.00236407,0.00236407,0.0341216,True,empty floor,0,0.0277778,0,0.0277778,0,0.0277778,0,0.0277778,0,0.0277778,0,0.0277778,0,0.0277778,0,0.0277778,3,0.777778
2,2.25,2.94317,0.00236407,0.00236407,0.00236407,0.0341216,True,empty floor,0,0.0277778,0,0.0277778,0,0.0277778,0,0.0277778,0,0.0277778,0,0.0277778,0,0.0277778,0,0.0277778,3,0.777778
1.75,2.25,2.71406,0.00236407,0.00236407,0.00236407,0.0341216,True,empty floor,0,0.0277778,0,0.0277778,0,0.0277778,0,0.0277778,0,0.0277778,0,0.0277778,0,0.0277778,0,0.0277778,3,0.777778
1.5,2.25,2.48896,0.00236407,0.00236407,0.00236407,0.0341216,True,empty floor,0,0.0277778,0,0.0277778,0,0.0277778,0,0.0277778,0,0.0277778,0,0.0277778,0,0.0277778,0,0.0277778,3,0.777778
1.25,2.25,2.26909,0.00236407,0.00236407,0.00236407,0.0341216,True,empty floor,0,0.0277778,0,0.0277778,0,0.0277778,0,0.0277778,0,0.0277778,0,0.0277778,0,0.0277778,0,0.0277778,3,0.777778
1,2.25,2.05611,0.00236407,0.00236407,0.00236407,0.0341216,True,empty floor,0,0.0277778,0,0.0277778,0,0.0277778,0,0.0277778,0,0.0277778,0,0.0277778,0,0.0277778,0,0.0277778,3,0.777778
0.75,2.25,1.8524,0.00236407,0.00236407,0.00236407,0.0341216,True,empty floor,0,0.0277778,0,0.0277778,0,0.0277778,0,0.0277778,0,0.0277778,0,0.0277778,0,0.0277778,0,0.0277778,3,0.777778
0.5,2.25,1.66139,0.00236407,0.00236407,0.00236407,0.0341216,True,empty floor,0,0.0277778,0,0.0277778,0,0.0277778,0,0.0277778,0,0.0277778,0,0.0277778,0,0.0277778,0,0.0277778,3,0.777778
0.25,2.25,1.48797,0.00236407,0.00236407,0.00236407,0.0341216,True,empty floor,0,0.0277778,0,0.0277778,0,0.0277778,0,0.0277778,0,0.0277778,0,0.0277778,0,0.0277778,0,0.0277778,3,0.777778
0,2.25,1.33899,0.00236407,0.00236407,0.00236407,0.177251,True,microwave,0,0.0555556,0,0.0555556,0,0.0555556,1,0.555556,0,0.0555556,0,0.0555556,0,0.0555556,0,0.0555556,0,0.0555556
-0.25,2.25,1.2234,0.00236407,0.00236407,0.00236407,0.0341216,True,empty floor,0,0.0277778,0,0.0277778,0,0.0277778,0,0.0277778,0,0.0277778,0,0.0277778,0,0.0277778,0,0.0277778,3,0.777778
-0.75,2.25,1.13109,0.00236407,0.00236407,0.00236407,0.0341216,True,empty floor,0,0.0277778,0,0.0277778,0,0.0277778,0,0.0277778,0,0.0277778,0,0.0277778,0,0.0277778,0,0.0277778,3,0.777778
1,2,2.20349,0.00236407,0.00236407,0.00236407,0.0341216,True,empty floor,0,0.0277778,0,0.0277778,0,0.0277778,0,0.0277778,0,0.0277778,0,0.0277778,0,0.0277778,0,0.0277778,3,0.777778
-1,2.25,1.16541,0.00236407,0.00236407,0.00236407,0.0341216,True,empty floor,0,0.0277778,0,0.0277778,0,0.0277778,0,0.0277778,0,0.0277778,0,0.0277778,0,0.0277778,0,0.0277778,3,0.777778
-1.25,2.25,1.24981,0.00236407,0.00236407,0.00236407,0.0341216,True,empty floor,0,0.0277778,0,0.0277778,0,0.0277778,0,0.0277778,0,0.0277778,0,0.0277778,0,0.0277778,0,0.0277778,3,0.777778
-1.5,2.25,1.37508,0.00236407,0.00236407,0.00236407,0.0341216,True,empty floor,0,0.0277778,0,0.0277778,0,0.0277778,0,0.0277778,0,0.0277778,0,0.0277778,0,0.0277778,0,0.0277778,3,0.777778
-1.75,2.25,1.53123,0.00236407,0.00236407,0.00236407,0.0341216,True,empty floor,0,0.0277778,0,0.0277778,0,0.0277778,0,0.0277778,0,0.0277778,0,0.0277778,0,0.0277778,0,0.0277778,3,0.777778
-2,2.25,1.70982,0.00236407,0.00236407,0.00236407,0.0341216,True,empty floor,0,0.0277778,0,0.0277778,0,0.0277778,0,0.0277778,0,0.0277778,0,0.0277778,0,0.0277778,0,0.0277778,3,0.777778
-2.25,2.25,1.90455,0.00236407,0.00236407,0.00236407,0.0341216,True,empty floor,0,0.0277778,0,0.0277778,0,0.0277778,0,0.0277778,0,0.0277778,0,0.0277778,0,0.0277778,0,0.0277778,3,0.777778
2,2,3.04796,0.00236407,0.00236407,0.00236407,0.0341216,True,empty floor,0,0.0277778,0,0.0277778,0,0.0277778,0,0.0277778,0,0.0277778,0,0.0277778,0,0.0277778,0,0.0277778,3,0.777778
1.75,2,2.82735,0.00236407,0.00236407,0.00236407,0.136486,False,person,0,0.111111,0,0.111111,0,0.111111,0,0.111111,0,0.111111,0,0.111111,0,0.111111,0,0.111111,0,0.111111
1.5,2,2.61204,0.00236407,0.00236407,0.00236407,0.0341216,True,empty floor,0,0.0277778,0,0.0277778,0,0.0277778,0,0.0277778,0,0.0277778,0,0.0277778,0,0.0277778,0,0.0277778,3,0.777778
1.25,2,2.40345,0.00236407,0.00236407,0.00236407,0.0341216,True,empty floor,0,0.0277778,0,0.0277778,0,0.0277778,0,0.0277778,0,0.0277778,0,0.0277778,0,0.0277778,0,0.0277778,3,0.777778
-0.75,3.25,0.134638,0.00236407,0.00236407,0.00236407,0.136486,False,person,0,0.111111,0,0.111111,0,0.111111,0,0.111111,0,0.111111,0,0.111111,0,0.111111,0,0.111111,0,0.111111
-0.25,3.25,0.485256,0.00236407,0.00236407,0.00236407,0.0341216,True,empty floor,0,0.0277778,0,0.0277778,0,0.0277778,0,0.0277778,0,0.0277778,0,0.0277778,0,0.0277778,0,0.0277778,3,0.777778
0,4.75,1.5459,0.00236407,0.00236407,0.00236407,0.0341216,True,empty floor,0,0.0277778,0,0.0277778,0,0.0277778,0,0.0277778,0,0.0277778,0,0.0277778,0,0.0277778,0,0.0277778,3,0.777778
0,4,0.947745,0.00236407,0.00236407,0.00236407,0.0341216,True,empty floor,0,0.0277778,0,0.0277778,0,0.0277778,0,0.0277778,0,0.0277778,0,0.0277778,0,0.0277778,0,0.0277778,3,0.777778
1.5,4.25,2.38169,0.00236407,0.00236407,0.00236407,0.019498,True,empty floor,0,0.015873,0,0.015873,0,0.015873,0,0.015873,0,0.015873,0,0.015873,0,0.015873,0,0.015873,6,0.873016
1.25,4.25,2.15088,0.00236407,0.00236407,0.00236407,0.019498,True,empty floor,0,0.015873,0,0.015873,0,0.015873,0,0.015873,0,0.015873,0,0.015873,0,0.015873,0,0.015873,6,0.873016
1,4.25,1.92486,0.00236407,0.00236407,0.00236407,0.019498,True,empty floor,0,0.015873,0,0.015873,0,0.015873,0,0.015873,0,0.015873,0,0.015873,0,0.015873,0,0.015873,6,0.873016
0.75,4.25,1.70556,0.00236407,0.00236407,0.00236407,0.019498,True,empty floor,0,0.015873,0,0.015873,0,0.015873,0,0.015873,0,0.015873,0,0.015873,0,0.015873,0,0.015873,6,0.873016
0.5,4.25,1.49591,0.00236407,0.00236407,0.00236407,0.019498,True,empty floor,0,0.015873,0,0.015873,0,0.015873,0,0.015873,0,0.015873,0,0.015873,0,0.015873,0,0.015873,6,0.873016
0.25,4.25,1.30061,0.00236407,0.00236407,0.00236407,0.0341216,True,empty floor,0,0.0277778,0,0.0277778,0,0.0277778,0,0.0277778,0,0.0277778,0,0.0277778,0,0.0277778,0,0.0277778,3,0.777778
0,4.25,1.12713,0.00236407,0.00236407,0.00236407,0.0341216,True,empty floor,0,0.0277778,0,0.0277778,0,0.0277778,0,0.0277778,0,0.0277778,0,0.0277778,0,0.0277778,0,0.0277778,3,0.777778
-0.25,4.25,0.987035,0.00236407,0.00236407,0.00236407,0.0341216,True,empty floor,0,0.0277778,0,0.0277778,0,0.0277778,0,0.0277778,0,0.0277778,0,0.0277778,0,0.0277778,0,0.0277778,3,0.777778
-0.5,4.25,0.896139,0.00236407,0.00236407,0.00236407,0.0341216,True,empty floor,0,0.0277778,0,0.0277778,0,0.0277778,0,0.0277778,0,0.0277778,0,0.0277778,0,0.0277778,0,0.0277778,3,0.777778
-0.75,4.25,0.869995,0.00236407,0.00236407,0.00236407,0.0341216,True,empty floor,0,0.0277778,0,0.0277778,0,0.0277778,0,0.0277778,0,0.0277778,0,0.0277778,0,0.0277778,0,0.0277778,3,0.777778
-1,4.25,0.914176,0.00236407,0.00236407,0.00236407,0.0341216,True,empty floor,0,0.0277778,0,0.0277778,0,0.0277778,0,0.0277778,0,0.0277778,0,0.0277778,0,0.0277778,0,0.0277778,3,0.777778
-1.25,4.25,1.01958,0.00236407,0.00236407,0.00236407,0.0341216,True,empty floor,0,0.0277778,0,0.0277778,0,0.0277778,0,0.0277778,0,0.0277778,0,0.0277778,0,0.0277778,0,0.0277778,3,0.777778
-1.5,4.25,1.16977,0.00236407,0.00236407,0.00236407,0.0341216,True,empty floor,0,0.0277778,0,0.0277778,0,0.0277778,0,0.0277778,0,0.0277778,0,0.0277778,0,0.0277778,0,0.0277778,3,0.777778
-1.75,4.25,1.34989,0.00236407,0.00236407,0.00236407,0.0341216,True,empty floor,0,0.0277778,0,0.0277778,0,0.0277778,0,0.0277778,0,0.0277778,0,0.0277778,0,0.0277778,0,0.0277778,3,0.777778
-2,4.25,1.54952,0.00236407,0.00236407,0.00236407,0.0341216,True,empty floor,0,0.0277778,0,0.0277778,0,0.0277778,0,0.0277778,0,0.0277778,0,0.0277778,0,0.0277778,0,0.0277778,3,0.777778
-2.25,4.25,1.76206,0.00236407,0.00236407,0.00236407,0.0341216,True,empty floor,0,0.0277778,0,0.0277778,0,0.0277778,0,0.0277778,0,0.0277778,0,0.0277778,0,0.0277778,0,0.0277778,3,0.777778
2,4,2.78704,0.00236407,0.00236407,0.00236407,0.019498,True,empty floor,0,0.015873,0,0.015873,0,0.015873,0,0.015873,0,0.015873,0,0.015873,0,0.015873,0,0.015873,6,0.873016
1.75,4,2.5439,0.00236407,0.00236407,0.00236407,0.164643,True,refrigerator,0,0.0555556,0,0.0555556,0,0.0555556,0,0.0555556,0,0.0555556,0,0.0555556,1,0.555556,0,0.0555556,0,0.0555556
1.5,4,2.30223,0.00236407,0.00236407,0.00236407,0.019498,True,empty floor,0,0.015873,0,0.015873,0,0.015873,0,0.015873,0,0.015873,0,0.015873,0,0.015873,0,0.015873,6,0.873016
1.25,4,2.06254,0.00236407,0.00236407,0.00236407,0.019498,True,empty floor,0,0.015873,0,0.015873,0,0.015873,0,0.015873,0,0.015873,0,0.015873,0,0.015873,0,0.015873,6,0.873016
1,4,1.82563,0.00236407,0.00236407,0.00236407,0.019498,True,empty floor,0,0.015873,0,0.015873,0,0.015873,0,0.015873,0,0.015873,0,0.015873,0,0.015873,0,0.015873,6,0.873016
0.75,4,1.59271,0.00236407,0.00236407,0.00236407,0.019498,True,empty floor,0,0.015873,0,0.015873,0,0.015873,0,0.015873,0,0.015873,0,0.015873,0,0.015873,0,0.015873,6,0.873016
0.5,4,1.36586,0.00236407,0.00236407,0.00236407,0.019498,True,empty floor,0,0.015873,0,0.015873,0,0.015873,0,0.015873,0,0.015873,0,0.015873,0,0.015873,0,0.015873,6,0.873016
2,4.25,2.85303,0.00236407,0.00236407,0.00236407,0.019498,True,empty floor,0,0.015873,0,0.015873,0,0.015873,0,0.015873,0,0.015873,0,0.015873,0,0.015873,0,0.015873,6,0.873016
-2.25,4.5,1.8979,0.00236407,0.00236407,0.00236407,0.0341216,True,empty floor,0,0.0277778,0,0.0277778,0,0.0277778,0,0.0277778,0,0.0277778,0,0.0277778,0,0.0277778,0,0.0277778,3,0.777778
-2,4.5,1.70241,0.00236407,0.00236407,0.00236407,0.0341216,True,empty floor,0,0.0277778,0,0.0277778,0,0.0277778,0,0.0277778,0,0.0277778,0,0.0277778,0,0.0277778,0,0.0277778,3,0.777778
1.5,4.5,2.48388,0.00236407,0.00236407,0.00236407,0.019498,True,empty floor,0,0.015873,0,0.015873,0,0.015873,0,0.015873,0,0.015873,0,0.015873,0,0.015873,0,0.015873,6,0.873016
-0.25,4.75,1.44693,0.00236407,0.00236407,0.00236407,0.0341216,True,empty floor,0,0.0277778,0,0.0277778,0,0.0277778,0,0.0277778,0,0.0277778,0,0.0277778,0,0.0277778,0,0.0277778,3,0.777778
-0.5,4.75,1.38652,0.00236407,0.00236407,0.00236407,0.0341216,True,empty floor,0,0.0277778,0,0.0277778,0,0.0277778,0,0.0277778,0,0.0277778,0,0.0277778,0,0.0277778,0,0.0277778,3,0.777778
-0.75,4.75,1.36977,0.00236407,0.00236407,0.00236407,0.0341216,True,empty floor,0,0.0277778,0,0.0277778,0,0.0277778,0,0.0277778,0,0.0277778,0,0.0277778,0,0.0277778,0,0.0277778,3,0.777778
-1,4.75,1.39825,0.00236407,0.00236407,0.00236407,0.0341216,True,empty floor,0,0.0277778,0,0.0277778,0,0.0277778,0,0.0277778,0,0.0277778,0,0.0277778,0,0.0277778,0,0.0277778,3,0.777778
-1.25,4.75,1.46933,0.00236407,0.00236407,0.00236407,0.0341216,True,empty floor,0,0.0277778,0,0.0277778,0,0.0277778,0,0.0277778,0,0.0277778,0,0.0277778,0,0.0277778,0,0.0277778,3,0.777778
-1.5,4.75,1.57726,0.00236407,0.00236407,0.00236407,0.0341216,True,empty floor,0,0.0277778,0,0.0277778,0,0.0277778,0,0.0277778,0,0.0277778,0,0.0277778,0,0.0277778,0,0.0277778,3,0.777778
-1.75,4.75,1.7151,0.00236407,0.00236407,0.00236407,0.0341216,True,empty floor,0,0.0277778,0,0.0277778,0,0.0277778,0,0.0277778,0,0.0277778,0,0.0277778,0,0.0277778,0,0.0277778,3,0.777778
-2,4.75,1.87627,0.00236407,0.00236407,0.00236407,0.0341216,True,empty floor,0,0.0277778,0,0.0277778,0,0.0277778,0,0.0277778,0,0.0277778,0,0.0277778,0,0.0277778,0,0.0277778,3,0.777778
-2.25,4.75,2.05529,0.00236407,0.00236407,0.00236407,0.0341216,True,empty floor,0,0.0277778,0,0.0277778,0,0.0277778,0,0.0277778,0,0.0277778,0,0.0277778,0,0.0277778,0,0.0277778,3,0.777778
2,4.5,2.93888,0.00236407,0.00236407,0.00236407,0.019498,True,empty floor,0,0.015873,0,0.015873,0,0.015873,0,0.015873,0,0.015873,0,0.015873,0,0.015873,0,0.015873,6,0.873016
1.25,4.5,2.26351,0.00236407,0.00236407,0.00236407,0.019498,True,empty floor,0,0.015873,0,0.015873,0,0.015873,0,0.015873,0,0.015873,0,0.015873,0,0.015873,0,0.015873,6,0.873016
-1.75,4.5,1.52295,0.00236407,0.00236407,0.00236407,0.0341216,True,empty floor,0,0.0277778,0,0.0277778,0,0.0277778,0,0.0277778,0,0.0277778,0,0.0277778,0,0.0277778,0,0.0277778,3,0.777778
1,4.5,2.04995,0.00236407,0.00236407,0.00236407,0.019498,True,empty floor,0,0.015873,0,0.015873,0,0.015873,0,0.015873,0,0.015873,0,0.015873,0,0.015873,0,0.015873,6,0.873016
0.5,4.5,1.65377,0.00236407,0.00236407,0.00236407,0.0341216,True,empty floor,0,0.0277778,0,0.0277778,0,0.0277778,0,0.0277778,0,0.0277778,0,0.0277778,0,0.0277778,0,0.0277778,3,0.777778
0.25,4.5,1.47945,0.00236407,0.00236407,0.00236407,0.0341216,True,empty floor,0,0.0277778,0,0.0277778,0,0.0277778,0,0.0277778,0,0.0277778,0,0.0277778,0,0.0277778,0,0.0277778,3,0.777778
0,4.5,1.32951,0.00236407,0.00236407,0.00236407,0.0341216,True,empty floor,0,0.0277778,0,0.0277778,0,0.0277778,0,0.0277778,0,0.0277778,0,0.0277778,0,0.0277778,0,0.0277778,3,0.777778
-0.25,4.5,1.21302,0.00236407,0.00236407,0.00236407,0.0341216,True,empty floor,0,0.0277778,0,0.0277778,0,0.0277778,0,0.0277778,0,0.0277778,0,0.0277778,0,0.0277778,0,0.0277778,3,0.777778
-0.5,4.5,1.14029,0.00236407,0.00236407,0.00236407,0.0341216,True,empty floor,0,0.0277778,0,0.0277778,0,0.0277778,0,0.0277778,0,0.0277778,0,0.0277778,0,0.0277778,0,0.0277778,3,0.777778
-0.75,4.5,1.11986,0.00236407,0.00236407,0.00236407,0.0341216,True,empty floor,0,0.0277778,0,0.0277778,0,0.0277778,0,0.0277778,0,0.0277778,0,0.0277778,0,0.0277778,0,0.0277778,3,0.777778
-1,4.5,1.15452,0.00236407,0.00236407,0.00236407,0.0341216,True,empty floor,0,0.0277778,0,0.0277778,0,0.0277778,0,0.0277778,0,0.0277778,0,0.0277778,0,0.0277778,0,0.0277778,3,0.777778
-1.25,4.5,1.23965,0.00236407,0.00236407,0.00236407,0.0341216,True,empty floor,0,0.0277778,0,0.0277778,0,0.0277778,0,0.0277778,0,0.0277778,0,0.0277778,0,0.0277778,0,0.0277778,3,0.777778
-1.5,4.5,1.36586,0.00236407,0.00236407,0.00236407,0.0341216,True,empty floor,0,0.0277778,0,0.0277778,0,0.0277778,0,0.0277778,0,0.0277778,0,0.0277778,0,0.0277778,0,0.0277778,3,0.777778
0.25,4,1.14865,0.00236407,0.00236407,0.00236407,0.019498,True,empty floor,0,0.015873,0,0.015873,0,0.015873,0,0.015873,0,0.015873,0,0.015873,0,0.015873,0,0.015873,6,0.873016
-0.25,4,0.775917,0.00236407,0.00236407,0.00236407,0.0341216,True,empty floor,0,0.0277778,0,0.0277778,0,0.0277778,0,0.0277778,0,0.0277778,0,0.0277778,0,0.0277778,0,0.0277778,3,0.777778
0,3.25,0.729141,0.00236407,0.00236407,0.00236407,0.0341216,True,empty floor,0,0.0277778,0,0.0277778,0,0.0277778,0,0.0277778,0,0.0277778,0,0.0277778,0,0.0277778,0,0.0277778,3,0.777778
-0.5,4,0.65641,0.00236407,0.00236407,0.00236407,0.0341216,True,empty floor,0,0.0277778,0,0.0277778,0,0.0277778,0,0.0277778,0,0.0277778,0,0.0277778,0,0.0277778,0,0.0277778,3,0.777778
1.25,3.5,1.97097,0.00236407,0.00236407,0.00236407,0.019498,True,empty floor,0,0.015873,0,0.015873,0,0.015873,0,0.015873,0,0.015873,0,0.015873,0,0.015873,0,0.015873,6,0.873016
1,3.5,1.72149,0.00236407,0.00236407,0.00236407,0.019498,True,empty floor,0,0.015873,0,0.015873,0,0.015873,0,0.015873,0,0.015873,0,0.015873,0,0.015873,0,0.015873,6,0.873016
0.75,3.5,1.47219,0.00236407,0.00236407,0.00236407,0.019498,True,empty floor,0,0.015873,0,0.015873,0,0.015873,0,0.015873,0,0.015873,0,0.015873,0,0.015873,0,0.015873,6,0.873016
0.5,3.5,1.22319,0.00236407,0.00236407,0.00236407,0.019498,True,empty floor,0,0.015873,0,0.015873,0,0.015873,0,0.015873,0,0.015873,0,0.015873,0,0.015873,0,0.015873,6,0.873016
0.25,3.5,0.974685,0.00236407,0.00236407,0.00236407,0.019498,True,empty floor,0,0.015873,0,0.015873,0,0.015873,0,0.015873,0,0.015873,0,0.015873,0,0.015873,0,0.015873,6,0.873016
0,3.5,0.727212,0.00236407,0.00236407,0.00236407,0.019498,True,empty floor,0,0.015873,0,0.015873,0,0.015873,0,0.015873,0,0.015873,0,0.015873,0,0.015873,0,0.015873,6,0.873016
-0.25,3.5,0.482353,0.00236407,0.00236407,0.00236407,0.019498,True,empty floor,0,0.015873,0,0.015873,0,0.015873,0,0.015873,0,0.015873,0,0.015873,0,0.015873,0,0.015873,6,0.873016
-0.5,3.5,0.247975,0.00236407,0.00236407,0.00236407,0.136486,False,person,0,0.111111,0,0.111111,0,0.111111,0,0.111111,0,0.111111,0,0.111111,0,0.111111,0,0.111111,0,0.111111
-0.75,3.5,0.123767,0.00236407,0.00236407,0.00236407,0.136486,False,person,0,0.111111,0,0.111111,0,0.111111,0,0.111111,0,0.111111,0,0.111111,0,0.111111,0,0.111111,0,0.111111
-1,3.5,0.306831,0.00236407,0.00236407,0.00236407,0.0341216,True,empty floor,0,0.0277778,0,0.0277778,0,0.0277778,0,0.0277778,0,0.0277778,0,0.0277778,0,0.0277778,0,0.0277778,3,0.777778
-1.25,3.5,0.545868,0.00236407,0.00236407,0.00236407,0.0341216,True,empty floor,0,0.0277778,0,0.0277778,0,0.0277778,0,0.0277778,0,0.0277778,0,0.0277778,0,0.0277778,0,0.0277778,3,0.777778
-1.5,3.5,0.791706,0.00236407,0.00236407,0.00236407,0.0341216,True,empty floor,0,0.0277778,0,0.0277778,0,0.0277778,0,0.0277778,0,0.0277778,0,0.0277778,0,0.0277778,0,0.0277778,3,0.777778
-1.75,3.5,1.03953,0.00236407,0.00236407,0.00236407,0.0341216,True,empty floor,0,0.0277778,0,0.0277778,0,0.0277778,0,0.0277778,0,0.0277778,0,0.0277778,0,0.0277778,0,0.0277778,3,0.777778
-2,3.5,1.2882,0.00236407,0.00236407,0.00236407,0.0341216,True,empty floor,0,0.0277778,0,0.0277778,0,0.0277778,0,0.0277778,0,0.0277778,0,0.0277778,0,0.0277778,0,0.0277778,3,0.777778
-2.25,3.5,1.5373,0.00236407,0.00236407,0.00236407,0.0341216,True,empty floor,0,0.0277778,0,0.0277778,0,0.0277778,0,0.0277778,0,0.0277778,0,0.0277778,0,0.0277778,0,0.0277778,3,0.777778
2,3.25,2.72048,0.00236407,0.00236407,0.00236407,0.019498,True,empty floor,0,0.015873,0,0.015873,0,0.015873,0,0.015873,0,0.015873,0,0.015873,0,0.015873,0,0.015873,6,0.873016
1.75,3.25,2.4708,0.00236407,0.00236407,0.00236407,0.019498,True,empty floor,0,0.015873,0,0.015873,0,0.015873,0,0.015873,0,0.015873,0,0.015873,0,0.015873,0,0.015873,6,0.873016
1.5,3.25,2.22119,0.00236407,0.00236407,0.00236407,0.019498,True,empty floor,0,0.015873,0,0.015873,0,0.015873,0,0.015873,0,0.015873,0,0.015873,0,0.015873,0,0.015873,6,0.873016
1.25,3.25,1.97168,0.00236407,0.00236407,0.00236407,0.019498,True,empty floor,0,0.015873,0,0.015873,0,0.015873,0,0.015873,0,0.015873,0,0.015873,0,0.015873,0,0.015873,6,0.873016
1,3.25,1.72231,0.00236407,0.00236407,0.00236407,0.019498,True,empty floor,0,0.015873,0,0.015873,0,0.015873,0,0.015873,0,0.015873,0,0.015873,0,0.015873,0,0.015873,6,0.873016
0.75,3.25,1.47315,0.00236407,0.00236407,0.00236407,0.019498,True,empty floor,0,0.015873,0,0.015873,0,0.015873,0,0.015873,0,0.015873,0,0.015873,0,0.015873,0,0.015873,6,0.873016
0.5,3.25,1.22433,0.00236407,0.00236407,0.00236407,0.019498,True,empty floor,0,0.015873,0,0.015873,0,0.015873,0,0.015873,0,0.015873,0,0.015873,0,0.015873,0,0.015873,6,0.873016
0.25,3.25,0.976125,0.00236407,0.00236407,0.00236407,0.019498,True,empty floor,0,0.015873,0,0.015873,0,0.015873,0,0.015873,0,0.015873,0,0.015873,0,0.015873,0,0.015873,6,0.873016
1.5,3.5,2.22056,0.00236407,0.00236407,0.00236407,0.019498,True,empty floor,0,0.015873,0,0.015873,0,0.015873,0,0.015873,0,0.015873,0,0.015873,0,0.015873,0,0.015873,6,0.873016
1.75,3.5,2.47023,0.00236407,0.00236407,0.00236407,0.019498,True,empty floor,0,0.015873,0,0.015873,0,0.015873,0,0.015873,0,0.015873,0,0.015873,0,0.015873,0,0.015873,6,0.873016
-2.25,3.75,1.57654,0.00236407,0.00236407,0.00236407,0.0341216,True,empty floor,0,0.0277778,0,0.0277778,0,0.0277778,0,0.0277778,0,0.0277778,0,0.0277778,0,0.0277778,0,0.0277778,3,0.777778
1,3.75,1.75662,0.00236407,0.00236407,0.00236407,0.019498,True,empty floor,0,0.015873,0,0.015873,0,0.015873,0,0.015873,0,0.015873,0,0.015873,0,0.015873,0,0.015873,6,0.873016
-0.75,4,0.620242,0.00236407,0.00236407,0.00236407,0.0341216,True,empty floor,0,0.0277778,0,0.0277778,0,0.0277778,0,0.0277778,0,0.0277778,0,0.0277778,0,0.0277778,0,0.0277778,3,0.777778
-1,4,0.680828,0.00236407,0.00236407,0.00236407,0.0341216,True,empty floor,0,0.0277778,0,0.0277778,0,0.0277778,0,0.0277778,0,0.0277778,0,0.0277778,0,0.0277778,0,0.0277778,3,0.777778
-1.25,4,0.816917,0.00236407,0.00236407,0.00236407,0.0341216,True,empty floor,0,0.0277778,0,0.0277778,0,0.0277778,0,0.0277778,0,0.0277778,0,0.0277778,0,0.0277778,0,0.0277778,3,0.777778
-1.5,4,0.998088,0.00236407,0.00236407,0.00236407,0.0341216,True,empty floor,0,0.0277778,0,0.0277778,0,0.0277778,0,0.0277778,0,0.0277778,0,0.0277778,0,0.0277778,0,0.0277778,3,0.777778
-1.75,4,1.20416,0.00236407,0.00236407,0.00236407,0.0341216,True,empty floor,0,0.0277778,0,0.0277778,0,0.0277778,0,0.0277778,0,0.0277778,0,0.0277778,0,0.0277778,0,0.0277778,3,0.777778
-2,4,1.42437,0.00236407,0.00236407,0.00236407,0.0341216,True,empty floor,0,0.0277778,0,0.0277778,0,0.0277778,0,0.0277778,0,0.0277778,0,0.0277778,0,0.0277778,0,0.0277778,3,0.777778
-2.25,4,1.65308,0.00236407,0.00236407,0.00236407,0.0341216,True,empty floor,0,0.0277778,0,0.0277778,0,0.0277778,0,0.0277778,0,0.0277778,0,0.0277778,0,0.0277778,0,0.0277778,3,0.777778
1.75,3.75,2.49484,0.00236407,0.00236407,0.00236407,0.019498,True,empty floor,0,0.015873,0,0.015873,0,0.015873,0,0.015873,0,0.015873,0,0.015873,0,0.015873,0,0.015873,6,0.873016
1.5,3.75,2.2479,0.00236407,0.00236407,0.00236407,0.019498,True,empty floor,0,0.015873,0,0.015873,0,0.015873,0,0.015873,0,0.015873,0,0.015873,0,0.015873,0,0.015873,6,0.873016
1.25,3.75,2.00172,0.00236407,0.00236407,0.00236407,0.019498,True,empty floor,0,0.015873,0,0.015873,0,0.015873,0,0.015873,0,0.015873,0,0.015873,0,0.015873,0,0.015873,6,0.873016
0.75,3.75,1.51313,0.00236407,0.00236407,0.00236407,0.019498,True,empty floor,0,0.015873,0,0.015873,0,0.015873,0,0.015873,0,0.015873,0,0.015873,0,0.015873,0,0.015873,6,0.873016
-2,3.75,1.33478,0.00236407,0.00236407,0.00236407,0.0341216,True,empty floor,0,0.0277778,0,0.0277778,0,0.0277778,0,0.0277778,0,0.0277778,0,0.0277778,0,0.0277778,0,0.0277778,3,0.777778
0.5,3.75,1.27215,0.00236407,0.00236407,0.00236407,0.019498,True,empty floor,0,0.015873,0,0.015873,0,0.015873,0,0.015873,0,0.015873,0,0.015873,0,0.015873,0,0.015873,6,0.873016
0.25,3.75,1.03547,0.00236407,0.00236407,0.00236407,0.019498,True,empty floor,0,0.015873,0,0.015873,0,0.015873,0,0.015873,0,0.015873,0,0.015873,0,0.015873,0,0.015873,6,0.873016
0,3.75,0.806864,0.00236407,0.00236407,0.00236407,0.019498,True,empty floor,0,0.015873,0,0.015873,0,0.015873,0,0.015873,0,0.015873,0,0.015873,0,0.015873,0,0.015873,6,0.873016
-0.25,3.75,0.595698,0.00236407,0.00236407,0.00236407,0.019498,True,empty floor,0,0.015873,0,0.015873,0,0.015873,0,0.015873,0,0.015873,0,0.015873,0,0.015873,0,0.015873,6,0.873016
-0.5,3.75,0.428582,0.00236407,0.00236407,0.00236407,0.136486,False,person,0,0.111111,0,0.111111,0,0.111111,0,0.111111,0,0.111111,0,0.111111,0,0.111111,0,0.111111,0,0.111111
-0.75,3.75,0.370822,0.00236407,0.00236407,0.00236407,0.0341216,True,empty floor,0,0.0277778,0,0.0277778,0,0.0277778,0,0.0277778,0,0.0277778,0,0.0277778,0,0.0277778,0,0.0277778,3,0.777778
-1,3.75,0.465119,0.00236407,0.00236407,0.00236407,0.0341216,True,empty floor,0,0.0277778,0,0.0277778,0,0.0277778,0,0.0277778,0,0.0277778,0,0.0277778,0,0.0277778,0,0.0277778,3,0.777778
-1.25,3.75,0.6482,0.00236407,0.00236407,0.00236407,0.0341216,True,empty floor,0,0.0277778,0,0.0277778,0,0.0277778,0,0.0277778,0,0.0277778,0,0.0277778,0,0.0277778,0,0.0277778,3,0.777778
-1.5,3.75,0.865442,0.00236407,0.00236407,0.00236407,0.0341216,True,empty floor,0,0.0277778,0,0.0277778,0,0.0277778,0,0.0277778,0,0.0277778,0,0.0277778,0,0.0277778,0,0.0277778,3,0.777778
-1.75,3.75,1.09673,0.00236407,0.00236407,0.00236407,0.0341216,True,empty floor,0,0.0277778,0,0.0277778,0,0.0277778,0,0.0277778,0,0.0277778,0,0.0277778,0,0.0277778,0,0.0277778,3,0.777778
2,7.75,5.14543,0.00236407,0.00236407,0.00236407,0.0341216,True,empty floor,0,0.0277778,0,0.0277778,0,0.0277778,0,0.0277778,0,0.0277778,0,0.0277778,0,0.0277778,0,0.0277778,3,0.777778
