x,y,dist_robot,snd_loglik,snd_post,vis_post,fused,vis_like,observed,mle_class,ev_person,post_person,ev_chair,post_chair,ev_couch,post_couch,ev_toilet,post_toilet,ev_microwave,post_microwave,ev_oven,post_oven,ev_sink,post_sink,ev_refrigerator,post_refrigerator,ev_tv,post_tv,ev_empty_floor,post_empty_floor
-2.25,1.75,5.01462,-0.68054,0.00236407,0.00236407,0.00236407,0.0445727,True,empty floor,0,0.025,0,0.025,0,0.025,0,0.025,0,0.025,0,0.025,0,0.025,0,0.025,0,0.025,3,0.775
1.5,5.5,1.39156,-2.99573,0.00236407,0.00236407,0.00236407,0.143963,True,couch,0,0.05,0,0.05,1,0.55,0,0.05,0,0.05,0,0.05,0,0.05,0,0.05,0,0.05,0,0.05
-1.5,6,1.74738,-2.98668,0.00236407,0.00236407,0.00236407,0.0445727,True,empty floor,0,0.025,0,0.025,0,0.025,0,0.025,0,0.025,0,0.025,0,0.025,0,0.025,0,0.025,3,0.775
-1.75,6,1.99702,-2.98784,0.00236407,0.00236407,0.00236407,0.0445727,True,empty floor,0,0.025,0,0.025,0,0.025,0,0.025,0,0.025,0,0.025,0,0.025,0,0.025,0,0.025,3,0.775
-2,6,2.24674,-2.98864,0.00236407,0.00236407,0.00236407,0.0445727,True,empty floor,0,0.025,0,0.025,0,0.025,0,0.025,0,0.025,0,0.025,0,0.025,0,0.025,0,0.025,3,0.775
-2.25,6,2.49652,-2.98922,0.00236407,0.00236407,0.00236407,0.0445727,True,empty floor,0,0.025,0,0.025,0,0.025,0,0.025,0,0.025,0,0.025,0,0.025,0,0.025,0,0.025,3,0.775
2,5.75,1.79007,-2.99573,0.00236407,0.00236407,0.00236407,0.178291,False,person,0,0.1,0,0.1,0,0.1,0,0.1,0,0.1,0,0.1,0,0.1,0,0.1,0,0.1,0,0.1
1.75,5.75,1.54567,-2.99573,0.00236407,0.00236407,0.00236407,0.0445727,True,empty floor,0,0.025,0,0.025,0,0.025,0,0.025,0,0.025,0,0.025,0,0.025,0,0.025,0,0.025,3,0.775
1.5,5.75,1.3034,-2.99573,0.00236407,0.00236407,0.00236407,0.0445727,True,empty floor,0,0.025,0,0.025,0,0.025,0,0.025,0,0.025,0,0.025,0,0.025,0,0.025,0,0.025,3,0.775
1.25,5.75,1.06471,-2.99573,0.00236407,0.00236407,0.00236407,0.0445727,True,empty floor,0,0.025,0,0.025,0,0.025,0,0.025,0,0.025,0,0.025,0,0.025,0,0.025,0,0.025,3,0.775
1,5.75,0.832688,-2.99573,0.00236407,0.00236407,0.00236407,0.0445727,True,empty floor,0,0.025,0,0.025,0,0.025,0,0.025,0,0.025,0,0.025,0,0.025,0,0.025,0,0.025,3,0.775
0.75,5.75,0.614919,-2.99573,0.00236407,0.00236407,0.00236407,0.0445727,True,empty floor,0,0.025,0,0.025,0,0.025,0,0.025,0,0.025,0,0.025,0,0.025,0,0.025,0,0.025,3,0.775
0.5,5.75,0.433453,-2.99573,0.00236407,0.00236407,0.00236407,0.0445727,True,empty floor,0,0.025,0,0.025,0,0.025,0,0.025,0,0.025,0,0.025,0,0.025,0,0.025,0,0.025,3,0.775
0.25,5.75,0.350195,-2.98753,0.00236407,0.00236407,0.00236407,0.0445727,True,empty floor,0,0.025,0,0.025,0,0.025,0,0.025,0,0.025,0,0.025,0,0.025,0,0.025,0,0.025,3,0.775
0,5.75,0.427074,-0.261963,0.00236407,0.00236407,0.00236407,0.0445727,True,empty floor,0,0.025,0,0.025,0,0.025,0,0.025,0,0.025,0,0.025,0,0.025,0,0.025,0,0.025,3,0.775
-0.25,5.75,0.605927,-0.531111,0.00236407,0.00236407,0.00236407,0.0445727,True,empty floor,0,0.025,0,0.025,0,0.025,0,0.025,0,0.025,0,0.025,0,0.025,0,0.025,0,0.025,3,0.775
-0.5,5.75,0.822741,-1.70033,0.00236407,0.00236407,0.00236407,0.0445727,True,empty floor,0,0.025,0,0.025,0,0.025,0,0.025,0,0.025,0,0.025,0,0.025,0,0.025,0,0.025,3,0.775
-0.75,5.75,1.05435,-2.39288,0.00236407,0.00236407,0.00236407,0.0445727,True,empty floor,0,0.025,0,0.025,0,0.025,0,0.025,0,0.025,0,0.025,0,0.025,0,0.025,0,0.025,3,0.775
-1,5.75,1.29283,-2.69856,0.00236407,0.00236407,0.00236407,0.0445727,True,empty floor,0,0.025,0,0.025,0,0.025,0,0.025,0,0.025,0,0.025,0,0.025,0,0.025,0,0.025,3,0.775
-1.25,5.75,1.53498,-2.83047,0.00236407,0.00236407,0.00236407,0.0445727,True,empty floor,0,0.025,0,0.025,0,0.025,0,0.025,0,0.025,0,0.025,0,0.025,0,0.025,0,0.025,3,0.775
-1.5,5.75,1.7793,-2.89268,0.00236407,0.00236407,0.00236407,0.0445727,True,empty floor,0,0.025,0,0.025,0,0.025,0,0.025,0,0.025,0,0.025,0,0.025,0,0.025,0,0.025,3,0.775
-1.75,5.75,2.02501,-2.92533,0.00236407,0.00236407,0.00236407,0.0445727,True,empty floor,0,0.025,0,0.025,0,0.025,0,0.025,0,0.025,0,0.025,0,0.025,0,0.025,0,0.025,3,0.775
-2,5.75,2.27166,-2.94415,0.00236407,0.00236407,0.00236407,0.0445727,True,empty floor,0,0.025,0,0.025,0,0.025,0,0.025,0,0.025,0,0.025,0,0.025,0,0.025,0,0.025,3,0.775
-2.25,5.75,2.51897,-2.95586,0.00236407,0.00236407,0.00236407,0.0445727,True,empty floor,0,0.025,0,0.025,0,0.025,0,0.025,0,0.025,0,0.025,0,0.025,0,0.025,0,0.025,3,0.775
2,5.5,1.85524,-2.99573,0.00236407,0.00236407,0.00236407,0.0445727,True,empty floor,0,0.025,0,0.025,0,0.025,0,0.025,0,0.025,0,0.025,0,0.025,0,0.025,0,0.025,3,0.775
-1.25,6,1.49786,-2.98488,0.00236407,0.00236407,0.00236407,0.0445727,True,empty floor,0,0.025,0,0.025,0,0.025,0,0.025,0,0.025,0,0.025,0,0.025,0,0.025,0,0.025,3,0.775
-1,6,1.24853,-2.98181,0.00236407,0.00236407,0.00236407,0.0445727,True,empty floor,0,0.025,0,0.025,0,0.025,0,0.025,0,0.025,0,0.025,0,0.025,0,0.025,0,0.025,3,0.775
-0.75,6,0.999541,-2.97565,0.00236407,0.00236407,0.00236407,0.0445727,True,empty floor,0,0.025,0,0.025,0,0.025,0,0.025,0,0.025,0,0.025,0,0.025,0,0.025,0,0.025,3,0.775
-2,6.25,2.24951,-2.995,0.00236407,0.00236407,0.00236407,0.162985,True,tv,0,0.05,0,0.05,0,0.05,0,0.05,0,0.05,0,0.05,0,0.05,0,0.05,1,0.55,0,0.05
0.5,6.25,0.296191,-2.99573,0.00236407,0.00236407,0.00236407,0.178291,False,person,0,0.1,0,0.1,0,0.1,0,0.1,0,0.1,0,0.1,0,0.1,0,0.1,0,0.1,0,0.1
0.25,6.25,0.149948,-2.99573,0.00236407,0.00236407,0.00236407,0.178291,False,person,0,0.1,0,0.1,0,0.1,0,0.1,0,0.1,0,0.1,0,0.1,0,0.1,0,0.1,0,0.1
0,6.25,0.286775,-2.99573,0.00236407,0.00236407,0.00236407,0.0445727,True,empty floor,0,0.025,0,0.025,0,0.025,0,0.025,0,0.025,0,0.025,0,0.025,0,0.025,0,0.025,3,0.775
-0.25,6.25,0.516716,-2.99573,0.00236407,0.00236407,0.00236407,0.0445727,True,empty floor,0,0.025,0,0.025,0,0.025,0,0.025,0,0.025,0,0.025,0,0.025,0,0.025,0,0.025,3,0.775
-0.5,6.25,0.759441,-2.99569,0.00236407,0.00236407,0.00236407,0.0445727,True,empty floor,0,0.025,0,0.025,0,0.025,0,0.025,0,0.025,0,0.025,0,0.025,0,0.025,0,0.025,3,0.775
-0.75,6.25,1.00574,-2.99561,0.00236407,0.00236407,0.00236407,0.0445727,True,empty floor,0,0.025,0,0.025,0,0.025,0,0.025,0,0.025,0,0.025,0,0.025,0,0.025,0,0.025,3,0.775
-1,6.25,1.2535,-2.9955,0.00236407,0.00236407,0.00236407,0.0445727,True,empty floor,0,0.025,0,0.025,0,0.025,0,0.025,0,0.025,0,0.025,0,0.025,0,0.025,0,0.025,3,0.775
-1.25,6.25,1.502,-2.99537,0.00236407,0.00236407,0.00236407,0.0445727,True,empty floor,0,0.025,0,0.025,0,0.025,0,0.025,0,0.025,0,0.025,0,0.025,0,0.025,0,0.025,3,0.775
-1.5,6.25,1.75093,-2.99524,0.00236407,0.00236407,0.00236407,0.0445727,True,empty floor,0,0.025,0,0.025,0,0.025,0,0.025,0,0.025,0,0.025,0,0.025,0,0.025,0,0.025,3,0.775
-1.75,6.25,2.00013,-2.99512,0.00236407,0.00236407,0.00236407,0.0445727,True,empty floor,0,0.025,0,0.025,0,0.025,0,0.025,0,0.025,0,0.025,0,0.025,0,0.025,0,0.025,3,0.775
-2.25,6.25,2.49901,-2.99488,0.00236407,0.00236407,0.00236407,0.0445727,True,empty floor,0,0.025,0,0.025,0,0.025,0,0.025,0,0.025,0,0.025,0,0.025,0,0.025,0,0.025,3,0.775
-0.5,6,0.751217,-2.95959,0.00236407,0.00236407,0.00236407,0.0445727,True,empty floor,0,0.025,0,0.025,0,0.025,0,0.025,0,0.025,0,0.025,0,0.025,0,0.025,0,0.025,3,0.775
2,6,1.75834,-2.99573,0.00236407,0.00236407,0.00236407,0.178291,False,person,0,0.1,0,0.1,0,0.1,0,0.1,0,0.1,0,0.1,0,0.1,0,0.1,0,0.1,0,0.1
1.75,6,1.50882,-2.99573,0.00236407,0.00236407,0.00236407,0.178291,False,person,0,0.1,0,0.1,0,0.1,0,0.1,0,0.1,0,0.1,0,0.1,0,0.1,0,0.1,0,0.1
1.5,6,1.25948,-2.99573,0.00236407,0.00236407,0.00236407,0.178291,False,person,0,0.1,0,0.1,0,0.1,0,0.1,0,0.1,0,0.1,0,0.1,0,0.1,0,0.1,0,0.1
1.25,6,1.01046,-2.99573,0.00236407,0.00236407,0.00236407,0.178291,False,person,0,0.1,0,0.1,0,0.1,0,0.1,0,0.1,0,0.1,0,0.1,0,0.1,0,0.1,0,0.1
1,6,0.762098,-2.99573,0.00236407,0.00236407,0.00236407,0.178291,False,person,0,0.1,0,0.1,0,0.1,0,0.1,0,0.1,0,0.1,0,0.1,0,0.1,0,0.1,0,0.1
0.75,6,0.515315,-2.99573,0.00236407,0.00236407,0.00236407,0.178291,False,person,0,0.1,0,0.1,0,0.1,0,0.1,0,0.1,0,0.1,0,0.1,0,0.1,0,0.1,0,0.1
0.5,6,0.274418,-2.99573,0.00236407,0.00236407,0.00236407,0.0445727,True,empty floor,0,0.025,0,0.025,0,0.025,0,0.025,0,0.025,0,0.025,0,0.025,0,0.025,0,0.025,3,0.775
0.25,6,0.100302,-2.99191,0.00236407,0.00236407,0.00236407,0.178291,False,person,0,0.1,0,0.1,0,0.1,0,0.1,0,0.1,0,0.1,0,0.1,0,0.1,0,0.1,0,0.1
0,6,0.264227,-2.06985,0.00236407,0.00236407,0.00236407,0.0445727,True,empty floor,0,0.025,0,0.025,0,0.025,0,0.025,0,0.025,0,0.025,0,0.025,0,0.025,0,0.025,3,0.775
-0.25,6,0.504551,-2.88991,0.00236407,0.00236407,0.00236407,0.0445727,True,empty floor,0,0.025,0,0.025,0,0.025,0,0.025,0,0.025,0,0.025,0,0.025,0,0.025,0,0.025,3,0.775
1.75,5.5,1.6207,-2.99573,0.00236407,0.00236407,0.00236407,0.0445727,True,empty floor,0,0.025,0,0.025,0,0.025,0,0.025,0,0.025,0,0.025,0,0.025,0,0.025,0,0.025,3,0.775
1.25,5.5,1.17098,-2.99573,0.00236407,0.00236407,0.00236407,0.0445727,True,empty floor,0,0.025,0,0.025,0,0.025,0,0.025,0,0.025,0,0.025,0,0.025,0,0.025,0,0.025,3,0.775
1,6.25,0.770206,-2.99573,0.00236407,0.00236407,0.00236407,0.178291,False,person,0,0.1,0,0.1,0,0.1,0,0.1,0,0.1,0,0.1,0,0.1,0,0.1,0,0.1,0,0.1
1,5.5,0.964855,-2.99573,0.00236407,0.00236407,0.00236407,0.0445727,True,empty floor,0,0.025,0,0.025,0,0.025,0,0.025,0,0.025,0,0.025,0,0.025,0,0.025,0,0.025,3,0.775
-1.5,5.25,1.94064,-1.59721,0.00236407,0.00236407,0.00236407,0.0445727,True,empty floor,0,0.025,0,0.025,0,0.025,0,0.025,0,0.025,0,0.025,0,0.025,0,0.025,0,0.025,3,0.775
-1.75,5.25,2.16814,-1.9696,0.00236407,0.00236407,0.00236407,0.0445727,True,empty floor,0,0.025,0,0.025,0,0.025,0,0.025,0,0.025,0,0.025,0,0.025,0,0.025,0,0.025,3,0.775
-2.25,5.25,2.6354,-2.44963,0.00236407,0.00236407,0.00236407,0.0445727,True,empty floor,0,0.025,0,0.025,0,0.025,0,0.025,0,0.025,0,0.025,0,0.025,0,0.025,0,0.025,3,0.775
2,5,2.07173,-2.99573,0.00236407,0.00236407,0.00236407,0.0445727,True,empty floor,0,0.025,0,0.025,0,0.025,0,0.025,0,0.025,0,0.025,0,0.025,0,0.025,0,0.025,3,0.775
1.75,5,1.86463,-2.99573,0.00236407,0.00236407,0.00236407,0.0445727,True,empty floor,0,0.025,0,0.025,0,0.025,0,0.025,0,0.025,0,0.025,0,0.025,0,0.025,0,0.025,3,0.775
1.5,5,1.66931,-2.99573,0.00236407,0.00236407,0.00236407,0.0445727,True,empty floor,0,0.025,0,0.025,0,0.025,0,0.025,0,0.025,0,0.025,0,0.025,0,0.025,0,0.025,3,0.775
1,5,1.33458,-2.99573,0.00236407,0.00236407,0.00236407,0.0445727,True,empty floor,0,0.025,0,0.025,0,0.025,0,0.025,0,0.025,0,0.025,0,0.025,0,0.025,0,0.025,3,0.775
0.75,5,1.21072,-2.99573,0.00236407,0.00236407,0.00236407,0.0445727,True,empty floor,0,0.025,0,0.025,0,0.025,0,0.025,0,0.025,0,0.025,0,0.025,0,0.025,0,0.025,3,0.775
0.5,5,1.12943,-2.99564,0.00236407,0.00236407,0.00236407,0.0445727,True,empty floor,0,0.025,0,0.025,0,0.025,0,0.025,0,0.025,0,0.025,0,0.025,0,0.025,0,0.025,3,0.775
0.25,5,1.10017,-2.98568,0.00236407,0.00236407,0.00236407,0.0445727,True,empty floor,0,0.025,0,0.025,0,0.025,0,0.025,0,0.025,0,0.025,0,0.025,0,0.025,0,0.025,3,0.775
0,5,1.127,-2.65087,0.00236407,0.00236407,0.00236407,0.0445727,True,empty floor,0,0.025,0,0.025,0,0.025,0,0.025,0,0.025,0,0.025,0,0.025,0,0.025,0,0.025,3,0.775
-0.25,5,1.20618,-1.32585,0.00236407,0.00236407,0.00236407,0.0445727,True,empty floor,0,0.025,0,0.025,0,0.025,0,0.025,0,0.025,0,0.025,0,0.025,0,0.025,0,0.025,3,0.775
-0.5,5,1.32839,-0.318123,0.00236407,0.00236407,0.00236407,0.0445727,True,empty floor,0,0.025,0,0.025,0,0.025,0,0.025,0,0.025,0,0.025,0,0.025,0,0.025,0,0.025,3,0.775
-0.75,5,1.48303,-0.00356391,0.00236407,0.00236407,0.00236407,0.0445727,True,empty floor,0,0.025,0,0.025,0,0.025,0,0.025,0,0.025,0,0.025,0,0.025,0,0.025,0,0.025,3,0.775
-1,5,1.66107,-0.119046,0.00236407,0.00236407,0.00236407,0.0445727,True,empty floor,0,0.025,0,0.025,0,0.025,0,0.025,0,0.025,0,0.025,0,0.025,0,0.025,0,0.025,3,0.775
-1.25,5,1.85577,-0.440855,0.00236407,0.00236407,0.00236407,0.0445727,True,empty floor,0,0.025,0,0.025,0,0.025,0,0.025,0,0.025,0,0.025,0,0.025,0,0.025,0,0.025,3,0.775
-1.5,5,2.06244,-0.834543,0.00236407,0.00236407,0.00236407,0.0445727,True,empty floor,0,0.025,0,0.025,0,0.025,0,0.025,0,0.025,0,0.025,0,0.025,0,0.025,0,0.025,3,0.775
-1.75,5,2.27781,-1.22672,0.00236407,0.00236407,0.00236407,0.178291,False,person,0,0.1,0,0.1,0,0.1,0,0.1,0,0.1,0,0.1,0,0.1,0,0.1,0,0.1,0,0.1
-2.25,5,2.72634,-1.87945,0.00236407,0.00236407,0.00236407,0.0445727,True,empty floor,0,0.025,0,0.025,0,0.025,0,0.025,0,0.025,0,0.025,0,0.025,0,0.025,0,0.025,3,0.775
2,4.75,2.21464,-2.99573,0.00236407,0.00236407,0.00236407,0.0445727,True,empty floor,0,0.025,0,0.025,0,0.025,0,0.025,0,0.025,0,0.025,0,0.025,0,0.025,0,0.025,3,0.775
1.75,4.75,2.02223,-2.99573,0.00236407,0.00236407,0.00236407,0.0445727,True,empty floor,0,0.025,0,0.025,0,0.025,0,0.025,0,0.025,0,0.025,0,0.025,0,0.025,0,0.025,3,0.775
1.25,4.75,1.68342,-2.99573,0.00236407,0.00236407,0.00236407,0.0445727,True,empty floor,0,0.025,0,0.025,0,0.025,0,0.025,0,0.025,0,0.025,0,0.025,0,0.025,0,0.025,3,0.775
1,4.75,1.54715,-2.99573,0.00236407,0.00236407,0.00236407,0.0445727,True,empty floor,0,0.025,0,0.025,0,0.025,0,0.025,0,0.025,0,0.025,0,0.025,0,0.025,0,0.025,3,0.775
-1.25,5.25,1.7194,-1.13437,0.00236407,0.00236407,0.00236407,0.178291,False,person,0,0.1,0,0.1,0,0.1,0,0.1,0,0.1,0,0.1,0,0.1,0,0.1,0,0.1,0,0.1
-1,5.25,1.50717,-0.620073,0.00236407,0.00236407,0.00236407,0.0445727,True,empty floor,0,0.025,0,0.025,0,0.025,0,0.025,0,0.025,0,0.025,0,0.025,0,0.025,0,0.025,3,0.775
-0.75,5.25,1.30836,-0.163835,0.00236407,0.00236407,0.00236407,0.0445727,True,empty floor,0,0.025,0,0.025,0,0.025,0,0.025,0,0.025,0,0.025,0,0.025,0,0.025,0,0.025,3,0.775
-1.75,5.5,2.08285,-2.62674,0.00236407,0.00236407,0.00236407,0.0445727,True,empty floor,0,0.025,0,0.025,0,0.025,0,0.025,0,0.025,0,0.025,0,0.025,0,0.025,0,0.025,3,0.775
0.75,5.5,0.784667,-2.99573,0.00236407,0.00236407,0.00236407,0.0445727,True,empty floor,0,0.025,0,0.025,0,0.025,0,0.025,0,0.025,0,0.025,0,0.025,0,0.025,0,0.025,3,0.775
0.5,5.5,0.652271,-2.99573,0.00236407,0.00236407,0.00236407,0.0445727,True,empty floor,0,0.025,0,0.025,0,0.025,0,0.025,0,0.025,0,0.025,0,0.025,0,0.025,0,0.025,3,0.775
0.25,5.5,0.600177,-2.98644,0.00236407,0.00236407,0.00236407,0.0445727,True,empty floor,0,0.025,0,0.025,0,0.025,0,0.025,0,0.025,0,0.025,0,0.025,0,0.025,0,0.025,3,0.775
0,5.5,0.64805,-1.58788,0.00236407,0.00236407,0.00236407,0.0445727,True,empty floor,0,0.025,0,0.025,0,0.025,0,0.025,0,0.025,0,0.025,0,0.025,0,0.025,0,0.025,3,0.775
-0.25,5.5,0.77764,-0.0508676,0.00236407,0.00236407,0.00236407,0.0445727,True,empty floor,0,0.025,0,0.025,0,0.025,0,0.025,0,0.025,0,0.025,0,0.025,0,0.025,0,0.025,3,0.775
-0.5,5.5,0.956284,-0.258188,0.00236407,0.00236407,0.00236407,0.0445727,True,empty floor,0,0.025,0,0.025,0,0.025,0,0.025,0,0.025,0,0.025,0,0.025,0,0.025,0,0.025,3,0.775
-0.75,5.5,1.16157,-0.96023,0.00236407,0.00236407,0.00236407,0.0445727,True,empty floor,0,0.025,0,0.025,0,0.025,0,0.025,0,0.025,0,0.025,0,0.025,0,0.025,0,0.025,3,0.775
-1,5.5,1.38166,-1.62792,0.00236407,0.00236407,0.00236407,0.0445727,True,empty floor,0,0.025,0,0.025,0,0.025,0,0.025,0,0.025,0,0.025,0,0.025,0,0.025,0,0.025,3,0.775
-1.25,5.5,1.61051,-2.11748,0.00236407,0.00236407,0.00236407,0.0445727,True,empty floor,0,0.025,0,0.025,0,0.025,0,0.025,0,0.025,0,0.025,0,0.025,0,0.025,0,0.025,3,0.775
-1.5,5.5,1.84486,-2.43373,0.00236407,0.00236407,0.00236407,0.0445727,True,empty floor,0,0.025,0,0.025,0,0.025,0,0.025,0,0.025,0,0.025,0,0.025,0,0.025,0,0.025,3,0.775
-2.25,5.5,2.56569,-2.81603,0.00236407,0.00236407,0.00236407,0.0445727,True,empty floor,0,0.025,0,0.025,0,0.025,0,0.025,0,0.025,0,0.025,0,0.025,0,0.025,0,0.025,3,0.775
-0.5,5.25,1.13007,-0.0136382,0.00236407,0.00236407,0.00236407,0.0445727,True,empty floor,0,0.025,0,0.025,0,0.025,0,0.025,0,0.025,0,0.025,0,0.025,0,0.025,0,0.025,3,0.775
2,5.25,1.95051,-2.99573,0.00236407,0.00236407,0.00236407,0.0445727,True,empty floor,0,0.025,0,0.025,0,0.025,0,0.025,0,0.025,0,0.025,0,0.025,0,0.025,0,0.025,3,0.775
1.75,5.25,1.72895,-2.99573,0.00236407,0.00236407,0.00236407,0.0445727,True,empty floor,0,0.025,0,0.025,0,0.025,0,0.025,0,0.025,0,0.025,0,0.025,0,0.025,0,0.025,3,0.775
1.5,5.25,1.51625,-2.99573,0.00236407,0.00236407,0.00236407,0.0445727,True,empty floor,0,0.025,0,0.025,0,0.025,0,0.025,0,0.025,0,0.025,0,0.025,0,0.025,0,0.025,3,0.775
1.25,5.25,1.31673,-2.99573,0.00236407,0.00236407,0.00236407,0.143963,True,couch,0,0.05,0,0.05,1,0.55,0,0.05,0,0.05,0,0.05,0,0.05,0,0.05,0,0.05,0,0.05
1,5.25,1.13733,-2.99573,0.00236407,0.00236407,0.00236407,0.0445727,True,empty floor,0,0.025,0,0.025,0,0.025,0,0.025,0,0.025,0,0.025,0,0.025,0,0.025,0,0.025,3,0.775
0.75,5.25,0.989079,-2.99573,0.00236407,0.00236407,0.00236407,0.0445727,True,empty floor,0,0.025,0,0.025,0,0.025,0,0.025,0,0.025,0,0.025,0,0.025,0,0.025,0,0.025,3,0.775
0.5,5.25,0.887712,-2.99571,0.00236407,0.00236407,0.00236407,0.0445727,True,empty floor,0,0.025,0,0.025,0,0.025,0,0.025,0,0.025,0,0.025,0,0.025,0,0.025,0,0.025,3,0.775
0.25,5.25,0.85017,-2.98596,0.00236407,0.00236407,0.00236407,0.0445727,True,empty floor,0,0.025,0,0.025,0,0.025,0,0.025,0,0.025,0,0.025,0,0.025,0,0.025,0,0.025,3,0.775
0,5.25,0.884615,-2.3375,0.00236407,0.00236407,0.00236407,0.0445727,True,empty floor,0,0.025,0,0.025,0,0.025,0,0.025,0,0.025,0,0.025,0,0.025,0,0.025,0,0.025,3,0.775
-0.25,5.25,0.983514,-0.645705,0.00236407,0.00236407,0.00236407,0.0445727,True,empty floor,0,0.025,0,0.025,0,0.025,0,0.025,0,0.025,0,0.025,0,0.025,0,0.025,0,0.025,3,0.775
0.75,6.25,0.527232,-2.99573,0.00236407,0.00236407,0.00236407,0.178291,False,person,0,0.1,0,0.1,0,0.1,0,0.1,0,0.1,0,0.1,0,0.1,0,0.1,0,0.1,0,0.1
1.25,6.25,1.01659,-2.99573,0.00236407,0.00236407,0.00236407,0.178291,False,person,0,0.1,0,0.1,0,0.1,0,0.1,0,0.1,0,0.1,0,0.1,0,0.1,0,0.1,0,0.1
0.5,4.75,1.37411,-2.9955,0.00236407,0.00236407,0.00236407,0.0254701,True,empty floor,0,0.0142857,0,0.0142857,0,0.0142857,0,0.0142857,0,0.0142857,0,0.0142857,0,0.0142857,0,0.0142857,0,0.0142857,6,0.871429
1.5,7,1.54466,-2.99573,0.00236407,0.00236407,0.00236407,0.178291,False,person,0,0.1,0,0.1,0,0.1,0,0.1,0,0.1,0,0.1,0,0.1,0,0.1,0,0.1,0,0.1
-1.5,7.5,2.23671,-2.99573,0.00236407,0.00236407,0.00236407,0.0445727,True,empty floor,0,0.025,0,0.025,0,0.025,0,0.025,0,0.025,0,0.025,0,0.025,0,0.025,0,0.025,3,0.775
-1.75,7.5,2.43673,-2.99573,0.00236407,0.00236407,0.00236407,0.0445727,True,empty floor,0,0.025,0,0.025,0,0.025,0,0.025,0,0.025,0,0.025,0,0.025,0,0.025,0,0.025,3,0.775
-2,7.5,2.64526,-2.99573,0.00236407,0.00236407,0.00236407,0.0445727,True,empty floor,0,0.025,0,0.025,0,0.025,0,0.025,0,0.025,0,0.025,0,0.025,0,0.025,0,0.025,3,0.775
-2.25,7.5,2.86045,-2.99573,0.00236407,0.00236407,0.00236407,0.0445727,True,empty floor,0,0.025,0,0.025,0,0.025,0,0.025,0,0.025,0,0.025,0,0.025,0,0.025,0,0.025,3,0.775
2,7.25,2.09855,-2.99573,0.00236407,0.00236407,0.00236407,0.178291,False,person,0,0.1,0,0.1,0,0.1,0,0.1,0,0.1,0,0.1,0,0.1,0,0.1,0,0.1,0,0.1
1.75,7.25,1.89437,-2.99573,0.00236407,0.00236407,0.00236407,0.178291,False,person,0,0.1,0,0.1,0,0.1,0,0.1,0,0.1,0,0.1,0,0.1,0,0.1,0,0.1,0,0.1
1.5,7.25,1.70247,-2.99573,0.00236407,0.00236407,0.00236407,0.178291,False,person,0,0.1,0,0.1,0,0.1,0,0.1,0,0.1,0,0.1,0,0.1,0,0.1,0,0.1,0,0.1
1.25,7.25,1.52747,-2.99573,0.00236407,0.00236407,0.00236407,0.178291,False,person,0,0.1,0,0.1,0,0.1,0,0.1,0,0.1,0,0.1,0,0.1,0,0.1,0,0.1,0,0.1
1,7.25,1.37583,-2.99573,0.00236407,0.00236407,0.00236407,0.178291,False,person,0,0.1,0,0.1,0,0.1,0,0.1,0,0.1,0,0.1,0,0.1,0,0.1,0,0.1,0,0.1
0.75,7.25,1.25605,-2.99573,0.00236407,0.00236407,0.00236407,0.178291,False,person,0,0.1,0,0.1,0,0.1,0,0.1,0,0.1,0,0.1,0,0.1,0,0.1,0,0.1,0,0.1
0.5,7.25,1.17789,-2.99573,0.00236407,0.00236407,0.00236407,0.178291,False,person,0,0.1,0,0.1,0,0.1,0,0.1,0,0.1,0,0.1,0,0.1,0,0.1,0,0.1,0,0.1
0.25,7.25,1.14986,-2.99573,0.00236407,0.00236407,0.00236407,0.178291,False,person,0,0.1,0,0.1,0,0.1,0,0.1,0,0.1,0,0.1,0,0.1,0,0.1,0,0.1,0,0.1
0,7.25,1.17556,-2.99573,0.00236407,0.00236407,0.00236407,0.178291,False,person,0,0.1,0,0.1,0,0.1,0,0.1,0,0.1,0,0.1,0,0.1,0,0.1,0,0.1,0,0.1
-0.25,7.25,1.25168,-2.99573,0.00236407,0.00236407,0.00236407,0.178291,False,person,0,0.1,0,0.1,0,0.1,0,0.1,0,0.1,0,0.1,0,0.1,0,0.1,0,0.1,0,0.1
-0.5,7.25,1.36983,-2.99573,0.00236407,0.00236407,0.00236407,0.178291,False,person,0,0.1,0,0.1,0,0.1,0,0.1,0,0.1,0,0.1,0,0.1,0,0.1,0,0.1,0,0.1
-0.75,7.25,1.52026,-2.99573,0.00236407,0.00236407,0.00236407,0.178291,False,person,0,0.1,0,0.1,0,0.1,0,0.1,0,0.1,0,0.1,0,0.1,0,0.1,0,0.1,0,0.1
-1,7.25,1.69439,-2.99573,0.00236407,0.00236407,0.00236407,0.0445727,True,empty floor,0,0.025,0,0.025,0,0.025,0,0.025,0,0.025,0,0.025,0,0.025,0,0.025,0,0.025,3,0.775
-1.25,7.25,1.88566,-2.99573,0.00236407,0.00236407,0.00236407,0.0445727,True,empty floor,0,0.025,0,0.025,0,0.025,0,0.025,0,0.025,0,0.025,0,0.025,0,0.025,0,0.025,3,0.775
-1.5,7.25,2.08937,-2.99573,0.00236407,0.00236407,0.00236407,0.0445727,True,empty floor,0,0.025,0,0.025,0,0.025,0,0.025,0,0.025,0,0.025,0,0.025,0,0.025,0,0.025,3,0.775
-1.75,7.25,2.30222,-2.99573,0.00236407,0.00236407,0.00236407,0.0445727,True,empty floor,0,0.025,0,0.025,0,0.025,0,0.025,0,0.025,0,0.025,0,0.025,0,0.025,0,0.025,3,0.775
-2,7.25,2.5219,-2.99573,0.00236407,0.00236407,0.00236407,0.0445727,True,empty floor,0,0.025,0,0.025,0,0.025,0,0.025,0,0.025,0,0.025,0,0.025,0,0.025,0,0.025,3,0.775
-2.25,7.25,2.74677,-2.99573,0.00236407,0.00236407,0.00236407,0.0445727,True,empty floor,0,0.025,0,0.025,0,0.025,0,0.025,0,0.025,0,0.025,0,0.025,0,0.025,0,0.025,3,0.775
2,7,1.97268,-2.99573,0.00236407,0.00236407,0.00236407,0.178291,False,person,0,0.1,0,0.1,0,0.1,0,0.1,0,0.1,0,0.1,0,0.1,0,0.1,0,0.1,0,0.1
-1.25,7.5,2.04772,-2.99573,0.00236407,0.00236407,0.00236407,0.0445727,True,empty floor,0,0.025,0,0.025,0,0.025,0,0.025,0,0.025,0,0.025,0,0.025,0,0.025,0,0.025,3,0.775
-0.75,7.5,1.71716,-2.99573,0.00236407,0.00236407,0.00236407,0.178291,False,person,0,0.1,0,0.1,0,0.1,0,0.1,0,0.1,0,0.1,0,0.1,0,0.1,0,0.1,0,0.1
0.25,7.5,1.39986,-2.99573,0.00236407,0.00236407,0.00236407,0.178291,False,person,0,0.1,0,0.1,0,0.1,0,0.1,0,0.1,0,0.1,0,0.1,0,0.1,0,0.1,0,0.1
-0.75,7.75,1.92641,-2.99573,0.00236407,0.00236407,0.00236407,0.178291,False,person,0,0.1,0,0.1,0,0.1,0,0.1,0,0.1,0,0.1,0,0.1,0,0.1,0,0.1,0,0.1
1.75,7.75,2.23349,-2.99573,0.00236407,0.00236407,0.00236407,0.178291,False,person,0,0.1,0,0.1,0,0.1,0,0.1,0,0.1,0,0.1,0,0.1,0,0.1,0,0.1,0,0.1
1.5,7.75,2.07322,-2.99573,0.00236407,0.00236407,0.00236407,0.178291,False,person,0,0.1,0,0.1,0,0.1,0,0.1,0,0.1,0,0.1,0,0.1,0,0.1,0,0.1,0,0.1
1.25,7.75,1.9321,-2.99573,0.00236407,0.00236407,0.00236407,0.178291,False,person,0,0.1,0,0.1,0,0.1,0,0.1,0,0.1,0,0.1,0,0.1,0,0.1,0,0.1,0,0.1
1,7.75,1.8146,-2.99573,0.00236407,0.00236407,0.00236407,0.178291,False,person,0,0.1,0,0.1,0,0.1,0,0.1,0,0.1,0,0.1,0,0.1,0,0.1,0,0.1,0,0.1
0.75,7.75,1.72555,-2.99573,0.00236407,0.00236407,0.00236407,0.178291,False,person,0,0.1,0,0.1,0,0.1,0,0.1,0,0.1,0,0.1,0,0.1,0,0.1,0,0.1,0,0.1
0.5,7.75,1.66951,-2.99573,0.00236407,0.00236407,0.00236407,0.178291,False,person,0,0.1,0,0.1,0,0.1,0,0.1,0,0.1,0,0.1,0,0.1,0,0.1,0,0.1,0,0.1
0.25,7.75,1.64986,-2.99573,0.00236407,0.00236407,0.00236407,0.178291,False,person,0,0.1,0,0.1,0,0.1,0,0.1,0,0.1,0,0.1,0,0.1,0,0.1,0,0.1,0,0.1
0,7.75,1.66787,-2.99573,0.00236407,0.00236407,0.00236407,0.178291,False,person,0,0.1,0,0.1,0,0.1,0,0.1,0,0.1,0,0.1,0,0.1,0,0.1,0,0.1,0,0.1
-0.25,7.75,1.72236,-2.99573,0.00236407,0.00236407,0.00236407,0.178291,False,person,0,0.1,0,0.1,0,0.1,0,0.1,0,0.1,0,0.1,0,0.1,0,0.1,0,0.1,0,0.1
-0.5,7.75,1.81005,-2.99573,0.00236407,0.00236407,0.00236407,0.178291,False,person,0,0.1,0,0.1,0,0.1,0,0.1,0,0.1,0,0.1,0,0.1,0,0.1,0,0.1,0,0.1
-1,7.75,2.06659,-2.99573,0.00236407,0.00236407,0.00236407,0.178291,False,person,0,0.1,0,0.1,0,0.1,0,0.1,0,0.1,0,0.1,0,0.1,0,0.1,0,0.1,0,0.1
0.5,7.5,1.42297,-2.99573,0.00236407,0.00236407,0.00236407,0.178291,False,person,0,0.1,0,0.1,0,0.1,0,0.1,0,0.1,0,0.1,0,0.1,0,0.1,0,0.1,0,0.1
-1.25,7.75,2.22611,-2.99573,0.00236407,0.00236407,0.00236407,0.178291,False,person,0,0.1,0,0.1,0,0.1,0,0.1,0,0.1,0,0.1,0,0.1,0,0.1,0,0.1,0,0.1
-1.5,7.75,2.40111,-2.99573,0.00236407,0.00236407,0.00236407,0.0445727,True,empty floor,0,0.025,0,0.025,0,0.025,0,0.025,0,0.025,0,0.025,0,0.025,0,0.025,0,0.025,3,0.775
-1.75,7.75,2.58845,-2.99573,0.00236407,0.00236407,0.00236407,0.0445727,True,empty floor,0,0.025,0,0.025,0,0.025,0,0.025,0,0.025,0,0.025,0,0.025,0,0.025,0,0.025,3,0.775
-2.25,7.75,2.99075,-2.99573,0.00236407,0.00236407,0.00236407,0.0445727,True,empty floor,0,0.025,0,0.025,0,0.025,0,0.025,0,0.025,0,0.025,0,0.025,0,0.025,0,0.025,3,0.775
2,7.5,2.24529,-2.99573,0.00236407,0.00236407,0.00236407,0.178291,False,person,0,0.1,0,0.1,0,0.1,0,0.1,0,0.1,0,0.1,0,0.1,0,0.1,0,0.1,0,0.1
1.75,7.5,2.05574,-2.99573,0.00236407,0.00236407,0.00236407,0.178291,False,person,0,0.1,0,0.1,0,0.1,0,0.1,0,0.1,0,0.1,0,0.1,0,0.1,0,0.1,0,0.1
1.5,7.5,1.88038,-2.99573,0.00236407,0.00236407,0.00236407,0.178291,False,person,0,0.1,0,0.1,0,0.1,0,0.1,0,0.1,0,0.1,0,0.1,0,0.1,0,0.1,0,0.1
1.25,7.5,1.72354,-2.99573,0.00236407,0.00236407,0.00236407,0.178291,False,person,0,0.1,0,0.1,0,0.1,0,0.1,0,0.1,0,0.1,0,0.1,0,0.1,0,0.1,0,0.1
1,7.5,1.5907,-2.99573,0.00236407,0.00236407,0.00236407,0.178291,False,person,0,0.1,0,0.1,0,0.1,0,0.1,0,0.1,0,0.1,0,0.1,0,0.1,0,0.1,0,0.1
0.75,7.5,1.48832,-2.99573,0.00236407,0.00236407,0.00236407,0.178291,False,person,0,0.1,0,0.1,0,0.1,0,0.1,0,0.1,0,0.1,0,0.1,0,0.1,0,0.1,0,0.1
1.75,7,1.75392,-2.99573,0.00236407,0.00236407,0.00236407,0.178291,False,person,0,0.1,0,0.1,0,0.1,0,0.1,0,0.1,0,0.1,0,0.1,0,0.1,0,0.1,0,0.1
1.25,7,1.34935,-2.99573,0.00236407,0.00236407,0.00236407,0.178291,False,person,0,0.1,0,0.1,0,0.1,0,0.1,0,0.1,0,0.1,0,0.1,0,0.1,0,0.1,0,0.1
1.5,6.25,1.2644,-2.99573,0.00236407,0.00236407,0.00236407,0.178291,False,person,0,0.1,0,0.1,0,0.1,0,0.1,0,0.1,0,0.1,0,0.1,0,0.1,0,0.1,0,0.1
1,7,1.17494,-2.99573,0.00236407,0.00236407,0.00236407,0.178291,False,person,0,0.1,0,0.1,0,0.1,0,0.1,0,0.1,0,0.1,0,0.1,0,0.1,0,0.1,0,0.1
-1.5,6.75,1.86162,-2.99573,0.00236407,0.00236407,0.00236407,0.0445727,True,empty floor,0,0.025,0,0.025,0,0.025,0,0.025,0,0.025,0,0.025,0,0.025,0,0.025,0,0.025,3,0.775
-1.75,6.75,2.09771,-2.99573,0.00236407,0.00236407,0.00236407,0.0445727,True,empty floor,0,0.025,0,0.025,0,0.025,0,0.025,0,0.025,0,0.025,0,0.025,0,0.025,0,0.025,3,0.775
-2.25,6.75,2.57777,-2.99572,0.00236407,0.00236407,0.00236407,0.0445727,True,empty floor,0,0.025,0,0.025,0,0.025,0,0.025,0,0.025,0,0.025,0,0.025,0,0.025,0,0.025,3,0.775
2,6.5,1.80045,-2.99573,0.00236407,0.00236407,0.00236407,0.178291,False,person,0,0.1,0,0.1,0,0.1,0,0.1,0,0.1,0,0.1,0,0.1,0,0.1,0,0.1,0,0.1
1.75,6.5,1.55768,-2.99573,0.00236407,0.00236407,0.00236407,0.178291,False,person,0,0.1,0,0.1,0,0.1,0,0.1,0,0.1,0,0.1,0,0.1,0,0.1,0,0.1,0,0.1
1.5,6.5,1.31762,-2.99573,0.00236407,0.00236407,0.00236407,0.178291,False,person,0,0.1,0,0.1,0,0.1,0,0.1,0,0.1,0,0.1,0,0.1,0,0.1,0,0.1,0,0.1
1.25,6.5,1.08207,-2.99573,0.00236407,0.00236407,0.00236407,0.178291,False,person,0,0.1,0,0.1,0,0.1,0,0.1,0,0.1,0,0.1,0,0.1,0,0.1,0,0.1,0,0.1
1,6.5,0.854776,-2.99573,0.00236407,0.00236407,0.00236407,0.178291,False,person,0,0.1,0,0.1,0,0.1,0,0.1,0,0.1,0,0.1,0,0.1,0,0.1,0,0.1,0,0.1
0.75,6.5,0.644513,-2.99573,0.00236407,0.00236407,0.00236407,0.178291,False,person,0,0.1,0,0.1,0,0.1,0,0.1,0,0.1,0,0.1,0,0.1,0,0.1,0,0.1,0,0.1
0.5,6.5,0.474503,-2.99573,0.00236407,0.00236407,0.00236407,0.178291,False,person,0,0.1,0,0.1,0,0.1,0,0.1,0,0.1,0,0.1,0,0.1,0,0.1,0,0.1,0,0.1
0.25,6.5,0.399886,-2.99573,0.00236407,0.00236407,0.00236407,0.178291,False,person,0,0.1,0,0.1,0,0.1,0,0.1,0,0.1,0,0.1,0,0.1,0,0.1,0,0.1,0,0.1
0,6.5,0.468683,-2.99573,0.00236407,0.00236407,0.00236407,0.178291,False,person,0,0.1,0,0.1,0,0.1,0,0.1,0,0.1,0,0.1,0,0.1,0,0.1,0,0.1,0,0.1
-0.25,6.5,0.63594,-2.99573,0.00236407,0.00236407,0.00236407,0.0445727,True,empty floor,0,0.025,0,0.025,0,0.025,0,0.025,0,0.025,0,0.025,0,0.025,0,0.025,0,0.025,3,0.775
-0.5,6.5,0.845089,-2.99573,0.00236407,0.00236407,0.00236407,0.0445727,True,empty floor,0,0.025,0,0.025,0,0.025,0,0.025,0,0.025,0,0.025,0,0.025,0,0.025,0,0.025,3,0.775
-0.75,6.5,1.07188,-2.99573,0.00236407,0.00236407,0.00236407,0.0445727,True,empty floor,0,0.025,0,0.025,0,0.025,0,0.025,0,0.025,0,0.025,0,0.025,0,0.025,0,0.025,3,0.775
-1,6.5,1.30717,-2.99573,0.00236407,0.00236407,0.00236407,0.0445727,True,empty floor,0,0.025,0,0.025,0,0.025,0,0.025,0,0.025,0,0.025,0,0.025,0,0.025,0,0.025,3,0.775
-1.25,6.5,1.54708,-2.99572,0.00236407,0.00236407,0.00236407,0.0445727,True,empty floor,0,0.025,0,0.025,0,0.025,0,0.025,0,0.025,0,0.025,0,0.025,0,0.025,0,0.025,3,0.775
-1.5,6.5,1.78975,-2.99571,0.00236407,0.00236407,0.00236407,0.0445727,True,empty floor,0,0.025,0,0.025,0,0.025,0,0.025,0,0.025,0,0.025,0,0.025,0,0.025,0,0.025,3,0.775
-1.75,6.5,2.0342,-2.99569,0.00236407,0.00236407,0.00236407,0.0445727,True,empty floor,0,0.025,0,0.025,0,0.025,0,0.025,0,0.025,0,0.025,0,0.025,0,0.025,0,0.025,3,0.775
-2,6.5,2.27985,-2.99567,0.00236407,0.00236407,0.00236407,0.0445727,True,empty floor,0,0.025,0,0.025,0,0.025,0,0.025,0,0.025,0,0.025,0,0.025,0,0.025,0,0.025,3,0.775
-2.25,6.5,2.52635,-2.99564,0.00236407,0.00236407,0.00236407,0.0445727,True,empty floor,0,0.025,0,0.025,0,0.025,0,0.025,0,0.025,0,0.025,0,0.025,0,0.025,0,0.025,3,0.775
2,6.25,1.76187,-2.99573,0.00236407,0.00236407,0.00236407,0.178291,False,person,0,0.1,0,0.1,0,0.1,0,0.1,0,0.1,0,0.1,0,0.1,0,0.1,0,0.1,0,0.1
1.75,6.25,1.51293,-2.99573,0.00236407,0.00236407,0.00236407,0.178291,False,person,0,0.1,0,0.1,0,0.1,0,0.1,0,0.1,0,0.1,0,0.1,0,0.1,0,0.1,0,0.1
-1.25,6.75,1.62968,-2.99573,0.00236407,0.00236407,0.00236407,0.0445727,True,empty floor,0,0.025,0,0.025,0,0.025,0,0.025,0,0.025,0,0.025,0,0.025,0,0.025,0,0.025,3,0.775
-1,6.75,1.40396,-2.99573,0.00236407,0.00236407,0.00236407,0.0445727,True,empty floor,0,0.025,0,0.025,0,0.025,0,0.025,0,0.025,0,0.025,0,0.025,0,0.025,0,0.025,3,0.775
-0.75,6.75,1.188,-2.99573,0.00236407,0.00236407,0.00236407,0.0445727,True,empty floor,0,0.025,0,0.025,0,0.025,0,0.025,0,0.025,0,0.025,0,0.025,0,0.025,0,0.025,3,0.775
-1.75,7,2.1881,-2.99573,0.00236407,0.00236407,0.00236407,0.0445727,True,empty floor,0,0.025,0,0.025,0,0.025,0,0.025,0,0.025,0,0.025,0,0.025,0,0.025,0,0.025,3,0.775
0.75,7,1.03211,-2.99573,0.00236407,0.00236407,0.00236407,0.178291,False,person,0,0.1,0,0.1,0,0.1,0,0.1,0,0.1,0,0.1,0,0.1,0,0.1,0,0.1,0,0.1
0.5,7,0.935415,-2.99573,0.00236407,0.00236407,0.00236407,0.178291,False,person,0,0.1,0,0.1,0,0.1,0,0.1,0,0.1,0,0.1,0,0.1,0,0.1,0,0.1,0,0.1
0.25,7,0.899865,-2.99573,0.00236407,0.00236407,0.00236407,0.178291,False,person,0,0.1,0,0.1,0,0.1,0,0.1,0,0.1,0,0.1,0,0.1,0,0.1,0,0.1,0,0.1
0,7,0.932476,-2.99573,0.00236407,0.00236407,0.00236407,0.178291,False,person,0,0.1,0,0.1,0,0.1,0,0.1,0,0.1,0,0.1,0,0.1,0,0.1,0,0.1,0,0.1
-0.25,7,1.02678,-2.99573,0.00236407,0.00236407,0.00236407,0.178291,False,person,0,0.1,0,0.1,0,0.1,0,0.1,0,0.1,0,0.1,0,0.1,0,0.1,0,0.1,0,0.1
-0.5,7,1.16791,-2.99573,0.00236407,0.00236407,0.00236407,0.178291,False,person,0,0.1,0,0.1,0,0.1,0,0.1,0,0.1,0,0.1,0,0.1,0,0.1,0,0.1,0,0.1
-0.75,7,1.34119,-2.99573,0.00236407,0.00236407,0.00236407,0.0445727,True,empty floor,0,0.025,0,0.025,0,0.025,0,0.025,0,0.025,0,0.025,0,0.025,0,0.025,0,0.025,3,0.775
-1,7,1.53575,-2.99573,0.00236407,0.00236407,0.00236407,0.0445727,True,empty floor,0,0.025,0,0.025,0,0.025,0,0.025,0,0.025,0,0.025,0,0.025,0,0.025,0,0.025,3,0.775
-1.25,7,1.7445,-2.99573,0.00236407,0.00236407,0.00236407,0.0445727,True,empty floor,0,0.025,0,0.025,0,0.025,0,0.025,0,0.025,0,0.025,0,0.025,0,0.025,0,0.025,3,0.775
-1.5,7,1.96292,-2.99573,0.00236407,0.00236407,0.00236407,0.0445727,True,empty floor,0,0.025,0,0.025,0,0.025,0,0.025,0,0.025,0,0.025,0,0.025,0,0.025,0,0.025,3,0.775
-2,7,2.41817,-2.99573,0.00236407,0.00236407,0.00236407,0.0445727,True,empty floor,0,0.025,0,0.025,0,0.025,0,0.025,0,0.025,0,0.025,0,0.025,0,0.025,0,0.025,3,0.775
-0.5,6.75,0.98823,-2.99573,0.00236407,0.00236407,0.00236407,0.0445727,True,empty floor,0,0.025,0,0.025,0,0.025,0,0.025,0,0.025,0,0.025,0,0.025,0,0.025,0,0.025,3,0.775
-2.25,7,2.65185,-2.99573,0.00236407,0.00236407,0.00236407,0.0445727,True,empty floor,0,0.025,0,0.025,0,0.025,0,0.025,0,0.025,0,0.025,0,0.025,0,0.025,0,0.025,3,0.775
2,6.75,1.87191,-2.99573,0.00236407,0.00236407,0.00236407,0.178291,False,person,0,0.1,0,0.1,0,0.1,0,0.1,0,0.1,0,0.1,0,0.1,0,0.1,0,0.1,0,0.1
1.75,6.75,1.63976,-2.99573,0.00236407,0.00236407,0.00236407,0.178291,False,person,0,0.1,0,0.1,0,0.1,0,0.1,0,0.1,0,0.1,0,0.1,0,0.1,0,0.1,0,0.1
1.5,6.75,1.4137,-2.99573,0.00236407,0.00236407,0.00236407,0.178291,False,person,0,0.1,0,0.1,0,0.1,0,0.1,0,0.1,0,0.1,0,0.1,0,0.1,0,0.1,0,0.1
1,6.75,0.996527,-2.99573,0.00236407,0.00236407,0.00236407,0.178291,False,person,0,0.1,0,0.1,0,0.1,0,0.1,0,0.1,0,0.1,0,0.1,0,0.1,0,0.1,0,0.1
0.75,6.75,0.823299,-2.99573,0.00236407,0.00236407,0.00236407,0.178291,False,person,0,0.1,0,0.1,0,0.1,0,0.1,0,0.1,0,0.1,0,0.1,0,0.1,0,0.1,0,0.1
0.5,6.75,0.698267,-2.99573,0.00236407,0.00236407,0.00236407,0.178291,False,person,0,0.1,0,0.1,0,0.1,0,0.1,0,0.1,0,0.1,0,0.1,0,0.1,0,0.1,0,0.1
0.25,6.75,0.649871,-2.99573,0.00236407,0.00236407,0.00236407,0.178291,False,person,0,0.1,0,0.1,0,0.1,0,0.1,0,0.1,0,0.1,0,0.1,0,0.1,0,0.1,0,0.1
0,6.75,0.694325,-2.99573,0.00236407,0.00236407,0.00236407,0.178291,False,person,0,0.1,0,0.1,0,0.1,0,0.1,0,0.1,0,0.1,0,0.1,0,0.1,0,0.1,0,0.1
-0.25,6.75,0.816605,-2.99573,0.00236407,0.00236407,0.00236407,0.178291,False,person,0,0.1,0,0.1,0,0.1,0,0.1,0,0.1,0,0.1,0,0.1,0,0.1,0,0.1,0,0.1
0.75,4.75,1.44168,-2.99573,0.00236407,0.00236407,0.00236407,0.0445727,True,empty floor,0,0.025,0,0.025,0,0.025,0,0.025,0,0.025,0,0.025,0,0.025,0,0.025,0,0.025,3,0.775
0.25,4.75,1.35016,-2.98551,0.00236407,0.00236407,0.00236407,0.0445727,True,empty floor,0,0.025,0,0.025,0,0.025,0,0.025,0,0.025,0,0.025,0,0.025,0,0.025,0,0.025,3,0.775
-2,1.75,4.89506,-0.952355,0.00236407,0.00236407,0.00236407,0.0445727,True,empty floor,0,0.025,0,0.025,0,0.025,0,0.025,0,0.025,0,0.025,0,0.025,0,0.025,0,0.025,3,0.775
-1.75,2.5,4.11572,-0.766766,0.00236407,0.00236407,0.00236407,0.0445727,True,empty floor,0,0.025,0,0.025,0,0.025,0,0.025,0,0.025,0,0.025,0,0.025,0,0.025,0,0.025,3,0.775
0.25,2.75,3.35016,-2.98503,0.00236407,0.00236407,0.00236407,0.0445727,True,empty floor,0,0.025,0,0.025,0,0.025,0,0.025,0,0.025,0,0.025,0,0.025,0,0.025,0,0.025,3,0.775
0,2.75,3.35906,-2.95501,0.00236407,0.00236407,0.00236407,0.0445727,True,empty floor,0,0.025,0,0.025,0,0.025,0,0.025,0,0.025,0,0.025,0,0.025,0,0.025,0,0.025,3,0.775
-0.25,2.75,3.38645,-2.86412,0.00236407,0.00236407,0.00236407,0.0445727,True,empty floor,0,0.025,0,0.025,0,0.025,0,0.025,0,0.025,0,0.025,0,0.025,0,0.025,0,0.025,3,0.775
-0.5,2.75,3.43188,-2.65095,0.00236407,0.00236407,0.00236407,0.0445727,True,empty floor,0,0.025,0,0.025,0,0.025,0,0.025,0,0.025,0,0.025,0,0.025,0,0.025,0,0.025,3,0.775
-0.75,2.75,3.49465,-2.28494,0.00236407,0.00236407,0.00236407,0.0445727,True,empty floor,0,0.025,0,0.025,0,0.025,0,0.025,0,0.025,0,0.025,0,0.025,0,0.025,0,0.025,3,0.775
-1,2.75,3.57384,-1.81969,0.00236407,0.00236407,0.00236407,0.0445727,True,empty floor,0,0.025,0,0.025,0,0.025,0,0.025,0,0.025,0,0.025,0,0.025,0,0.025,0,0.025,3,0.775
-1.25,2.75,3.66839,-1.34637,0.00236407,0.00236407,0.00236407,0.0445727,True,empty floor,0,0.025,0,0.025,0,0.025,0,0.025,0,0.025,0,0.025,0,0.025,0,0.025,0,0.025,3,0.775
-1.5,2.75,3.77715,-0.927923,0.00236407,0.00236407,0.00236407,0.0445727,True,empty floor,0,0.025,0,0.025,0,0.025,0,0.025,0,0.025,0,0.025,0,0.025,0,0.025,0,0.025,3,0.775
-2,2.75,4.03254,-0.337058,0.00236407,0.00236407,0.00236407,0.0445727,True,empty floor,0,0.025,0,0.025,0,0.025,0,0.025,0,0.025,0,0.025,0,0.025,0,0.025,0,0.025,3,0.775
-2.25,2.75,4.17685,-0.162197,0.00236407,0.00236407,0.00236407,0.0445727,True,empty floor,0,0.025,0,0.025,0,0.025,0,0.025,0,0.025,0,0.025,0,0.025,0,0.025,0,0.025,3,0.775
2,2.5,4.00535,-2.99573,0.00236407,0.00236407,0.00236407,0.0445727,True,empty floor,0,0.025,0,0.025,0,0.025,0,0.025,0,0.025,0,0.025,0,0.025,0,0.025,0,0.025,3,0.775
1.75,2.5,3.90225,-2.99573,0.00236407,0.00236407,0.00236407,0.0445727,True,empty floor,0,0.025,0,0.025,0,0.025,0,0.025,0,0.025,0,0.025,0,0.025,0,0.025,0,0.025,3,0.775
1.5,2.5,3.81279,-2.99573,0.00236407,0.00236407,0.00236407,0.0445727,True,empty floor,0,0.025,0,0.025,0,0.025,0,0.025,0,0.025,0,0.025,0,0.025,0,0.025,0,0.025,3,0.775
1.25,2.5,3.73793,-2.9957,0.00236407,0.00236407,0.00236407,0.0445727,True,empty floor,0,0.025,0,0.025,0,0.025,0,0.025,0,0.025,0,0.025,0,0.025,0,0.025,0,0.025,3,0.775
1,2.5,3.67857,-2.99558,0.00236407,0.00236407,0.00236407,0.0445727,True,empty floor,0,0.025,0,0.025,0,0.025,0,0.025,0,0.025,0,0.025,0,0.025,0,0.025,0,0.025,3,0.775
0.75,2.5,3.63547,-2.99507,0.00236407,0.00236407,0.00236407,0.0254701,True,empty floor,0,0.0142857,0,0.0142857,0,0.0142857,0,0.0142857,0,0.0142857,0,0.0142857,0,0.0142857,0,0.0142857,0,0.0142857,6,0.871429
0.5,2.5,3.60921,-2.99296,0.00236407,0.00236407,0.00236407,0.0445727,True,empty floor,0,0.025,0,0.025,0,0.025,0,0.025,0,0.025,0,0.025,0,0.025,0,0.025,0,0.025,3,0.775
0.25,2.5,3.60016,-2.98501,0.00236407,0.00236407,0.00236407,0.0445727,True,empty floor,0,0.025,0,0.025,0,0.025,0,0.025,0,0.025,0,0.025,0,0.025,0,0.025,0,0.025,3,0.775
0,2.5,3.60845,-2.95837,0.00236407,0.00236407,0.00236407,0.0445727,True,empty floor,0,0.025,0,0.025,0,0.025,0,0.025,0,0.025,0,0.025,0,0.025,0,0.025,0,0.025,3,0.775
-0.25,2.5,3.63396,-2.88242,0.00236407,0.00236407,0.00236407,0.0445727,True,empty floor,0,0.025,0,0.025,0,0.025,0,0.025,0,0.025,0,0.025,0,0.025,0,0.025,0,0.025,3,0.775
-0.5,2.5,3.67633,-2.70771,0.00236407,0.00236407,0.00236407,0.0445727,True,empty floor,0,0.025,0,0.025,0,0.025,0,0.025,0,0.025,0,0.025,0,0.025,0,0.025,0,0.025,3,0.775
-0.75,2.5,3.73499,-2.39969,0.00236407,0.00236407,0.00236407,0.0445727,True,empty floor,0,0.025,0,0.025,0,0.025,0,0.025,0,0.025,0,0.025,0,0.025,0,0.025,0,0.025,3,0.775
-1,2.5,3.80919,-1.98586,0.00236407,0.00236407,0.00236407,0.0445727,True,empty floor,0,0.025,0,0.025,0,0.025,0,0.025,0,0.025,0,0.025,0,0.025,0,0.025,0,0.025,3,0.775
0.5,2.75,3.35988,-2.99324,0.00236407,0.00236407,0.00236407,0.0445727,True,empty floor,0,0.025,0,0.025,0,0.025,0,0.025,0,0.025,0,0.025,0,0.025,0,0.025,0,0.025,3,0.775
1.5,2.75,3.57768,-2.99573,0.00236407,0.00236407,0.00236407,0.0445727,True,empty floor,0,0.025,0,0.025,0,0.025,0,0.025,0,0.025,0,0.025,0,0.025,0,0.025,0,0.025,3,0.775
1.75,2.75,3.67288,-2.99573,0.00236407,0.00236407,0.00236407,0.0445727,True,empty floor,0,0.025,0,0.025,0,0.025,0,0.025,0,0.025,0,0.025,0,0.025,0,0.025,0,0.025,3,0.775
0.75,3,3.14109,-2.99532,0.00236407,0.00236407,0.00236407,0.0445727,True,empty floor,0,0.025,0,0.025,0,0.025,0,0.025,0,0.025,0,0.025,0,0.025,0,0.025,0,0.025,3,0.775
-1,3.25,3.11001,-1.4042,0.00236407,0.00236407,0.00236407,0.0445727,True,empty floor,0,0.025,0,0.025,0,0.025,0,0.025,0,0.025,0,0.025,0,0.025,0,0.025,0,0.025,3,0.775
-1.25,3.25,3.21822,-0.909505,0.00236407,0.00236407,0.00236407,0.0445727,True,empty floor,0,0.025,0,0.025,0,0.025,0,0.025,0,0.025,0,0.025,0,0.025,0,0.025,0,0.025,3,0.775
-1.5,3.25,3.34166,-0.526241,0.00236407,0.00236407,0.00236407,0.0445727,True,empty floor,0,0.025,0,0.025,0,0.025,0,0.025,0,0.025,0,0.025,0,0.025,0,0.025,0,0.025,3,0.775
-2,3.25,3.62784,-0.0932613,0.00236407,0.00236407,0.00236407,0.0445727,True,empty floor,0,0.025,0,0.025,0,0.025,0,0.025,0,0.025,0,0.025,0,0.025,0,0.025,0,0.025,3,0.775
-2.25,3.25,3.78761,-0.0138875,0.00236407,0.00236407,0.00236407,0.0445727,True,empty floor,0,0.025,0,0.025,0,0.025,0,0.025,0,0.025,0,0.025,0,0.025,0,0.025,0,0.025,3,0.775
2,3,3.56268,-2.99573,0.00236407,0.00236407,0.00236407,0.0445727,True,empty floor,0,0.025,0,0.025,0,0.025,0,0.025,0,0.025,0,0.025,0,0.025,0,0.025,0,0.025,3,0.775
1.75,3,3.44637,-2.99573,0.00236407,0.00236407,0.00236407,0.0445727,True,empty floor,0,0.025,0,0.025,0,0.025,0,0.025,0,0.025,0,0.025,0,0.025,0,0.025,0,0.025,3,0.775
1.5,3,3.34473,-2.99573,0.00236407,0.00236407,0.00236407,0.0445727,True,empty floor,0,0.025,0,0.025,0,0.025,0,0.025,0,0.025,0,0.025,0,0.025,0,0.025,0,0.025,3,0.775
1.25,3,3.25913,-2.99572,0.00236407,0.00236407,0.00236407,0.0445727,True,empty floor,0,0.025,0,0.025,0,0.025,0,0.025,0,0.025,0,0.025,0,0.025,0,0.025,0,0.025,3,0.775
1,3,3.19088,-2.99566,0.00236407,0.00236407,0.00236407,0.0445727,True,empty floor,0,0.025,0,0.025,0,0.025,0,0.025,0,0.025,0,0.025,0,0.025,0,0.025,0,0.025,3,0.775
0.5,3,3.11066,-2.99353,0.00236407,0.00236407,0.00236407,0.0445727,True,empty floor,0,0.025,0,0.025,0,0.025,0,0.025,0,0.025,0,0.025,0,0.025,0,0.025,0,0.025,3,0.775
2,2.75,3.78223,-2.99573,0.00236407,0.00236407,0.00236407,0.0445727,True,empty floor,0,0.025,0,0.025,0,0.025,0,0.025,0,0.025,0,0.025,0,0.025,0,0.025,0,0.025,3,0.775
0.25,3,3.10016,-2.98506,0.00236407,0.00236407,0.00236407,0.0445727,True,empty floor,0,0.025,0,0.025,0,0.025,0,0.025,0,0.025,0,0.025,0,0.025,0,0.025,0,0.025,3,0.775
0,3,3.10978,-2.95077,0.00236407,0.00236407,0.00236407,0.0445727,True,empty floor,0,0.025,0,0.025,0,0.025,0,0.025,0,0.025,0,0.025,0,0.025,0,0.025,0,0.025,3,0.775
-0.25,3,3.13934,-2.83991,0.00236407,0.00236407,0.00236407,0.0445727,True,empty floor,0,0.025,0,0.025,0,0.025,0,0.025,0,0.025,0,0.025,0,0.025,0,0.025,0,0.025,3,0.775
-0.5,3,3.1883,-2.57639,0.00236407,0.00236407,0.00236407,0.0445727,True,empty floor,0,0.025,0,0.025,0,0.025,0,0.025,0,0.025,0,0.025,0,0.025,0,0.025,0,0.025,3,0.775
-0.75,3,3.25576,-2.14204,0.00236407,0.00236407,0.00236407,0.0445727,True,empty floor,0,0.025,0,0.025,0,0.025,0,0.025,0,0.025,0,0.025,0,0.025,0,0.025,0,0.025,3,0.775
-1,3,3.34062,-1.62616,0.00236407,0.00236407,0.00236407,0.0445727,True,empty floor,0,0.025,0,0.025,0,0.025,0,0.025,0,0.025,0,0.025,0,0.025,0,0.025,0,0.025,3,0.775
-1.25,3,3.44158,-1.1355,0.00236407,0.00236407,0.00236407,0.0445727,True,empty floor,0,0.025,0,0.025,0,0.025,0,0.025,0,0.025,0,0.025,0,0.025,0,0.025,0,0.025,3,0.775
-1.5,3,3.55728,-0.727379,0.00236407,0.00236407,0.00236407,0.0445727,True,empty floor,0,0.025,0,0.025,0,0.025,0,0.025,0,0.025,0,0.025,0,0.025,0,0.025,0,0.025,3,0.775
-2,3,3.82737,-0.20318,0.00236407,0.00236407,0.00236407,0.0445727,True,empty floor,0,0.025,0,0.025,0,0.025,0,0.025,0,0.025,0,0.025,0,0.025,0,0.025,0,0.025,3,0.775
-2.25,3,3.97914,-0.0715764,0.00236407,0.00236407,0.00236407,0.0445727,True,empty floor,0,0.025,0,0.025,0,0.025,0,0.025,0,0.025,0,0.025,0,0.025,0,0.025,0,0.025,3,0.775
-1.5,2.5,4.00055,-1.1215,0.00236407,0.00236407,0.00236407,0.0445727,True,empty floor,0,0.025,0,0.025,0,0.025,0,0.025,0,0.025,0,0.025,0,0.025,0,0.025,0,0.025,3,0.775
-2,2.5,4.24251,-0.485168,0.00236407,0.00236407,0.00236407,0.0445727,True,empty floor,0,0.025,0,0.025,0,0.025,0,0.025,0,0.025,0,0.025,0,0.025,0,0.025,0,0.025,3,0.775
-0.5,3.25,2.94579,-2.47732,0.00236407,0.00236407,0.00236407,0.0445727,True,empty floor,0,0.025,0,0.025,0,0.025,0,0.025,0,0.025,0,0.025,0,0.025,0,0.025,0,0.025,3,0.775
-2.25,2.5,4.37992,-0.275452,0.00236407,0.00236407,0.00236407,0.0445727,True,empty floor,0,0.025,0,0.025,0,0.025,0,0.025,0,0.025,0,0.025,0,0.025,0,0.025,0,0.025,3,0.775
-0.75,2,4.21904,-2.56571,0.00236407,0.00236407,0.00236407,0.0445727,True,empty floor,0,0.025,0,0.025,0,0.025,0,0.025,0,0.025,0,0.025,0,0.025,0,0.025,0,0.025,3,0.775
-1,2,4.28486,-2.24603,0.00236407,0.00236407,0.00236407,0.0445727,True,empty floor,0,0.025,0,0.025,0,0.025,0,0.025,0,0.025,0,0.025,0,0.025,0,0.025,0,0.025,3,0.775
-1.25,2,4.36404,-1.86485,0.00236407,0.00236407,0.00236407,0.0445727,True,empty floor,0,0.025,0,0.025,0,0.025,0,0.025,0,0.025,0,0.025,0,0.025,0,0.025,0,0.025,3,0.775
-1.5,2,4.45585,-1.47362,0.00236407,0.00236407,0.00236407,0.0445727,True,empty floor,0,0.025,0,0.025,0,0.025,0,0.025,0,0.025,0,0.025,0,0.025,0,0.025,0,0.025,3,0.775
-1.75,2,4.55953,-1.11098,0.00236407,0.00236407,0.00236407,0.0445727,True,empty floor,0,0.025,0,0.025,0,0.025,0,0.025,0,0.025,0,0.025,0,0.025,0,0.025,0,0.025,3,0.775
-2,2,4.6743,-0.797321,0.00236407,0.00236407,0.00236407,0.0445727,True,empty floor,0,0.025,0,0.025,0,0.025,0,0.025,0,0.025,0,0.025,0,0.025,0,0.025,0,0.025,3,0.775
-2.25,2,4.79936,-0.539957,0.00236407,0.00236407,0.00236407,0.0445727,True,empty floor,0,0.025,0,0.025,0,0.025,0,0.025,0,0.025,0,0.025,0,0.025,0,0.025,0,0.025,3,0.775
2,1.75,4.69101,-2.99573,0.00236407,0.00236407,0.00236407,0.0445727,True,empty floor,0,0.025,0,0.025,0,0.025,0,0.025,0,0.025,0,0.025,0,0.025,0,0.025,0,0.025,3,0.775
1.75,1.75,4.60329,-2.99572,0.00236407,0.00236407,0.00236407,0.0445727,True,empty floor,0,0.025,0,0.025,0,0.025,0,0.025,0,0.025,0,0.025,0,0.025,0,0.025,0,0.025,3,0.775
1.5,1.75,4.5277,-2.99571,0.00236407,0.00236407,0.00236407,0.0445727,True,empty floor,0,0.025,0,0.025,0,0.025,0,0.025,0,0.025,0,0.025,0,0.025,0,0.025,0,0.025,3,0.775
1.25,1.75,4.46484,-2.99564,0.00236407,0.00236407,0.00236407,0.0445727,True,empty floor,0,0.025,0,0.025,0,0.025,0,0.025,0,0.025,0,0.025,0,0.025,0,0.025,0,0.025,3,0.775
1,1.75,4.41527,-2.99541,0.00236407,0.00236407,0.00236407,0.0445727,True,empty floor,0,0.025,0,0.025,0,0.025,0,0.025,0,0.025,0,0.025,0,0.025,0,0.025,0,0.025,3,0.775
0.75,1.75,4.37942,-2.99463,0.00236407,0.00236407,0.00236407,0.0445727,True,empty floor,0,0.025,0,0.025,0,0.025,0,0.025,0,0.025,0,0.025,0,0.025,0,0.025,0,0.025,3,0.775
0.5,1.75,4.35765,-2.99219,0.00236407,0.00236407,0.00236407,0.0445727,True,empty floor,0,0.025,0,0.025,0,0.025,0,0.025,0,0.025,0,0.025,0,0.025,0,0.025,0,0.025,3,0.775
0.25,1.75,4.35016,-2.98495,0.00236407,0.00236407,0.00236407,0.0445727,True,empty floor,0,0.025,0,0.025,0,0.025,0,0.025,0,0.025,0,0.025,0,0.025,0,0.025,0,0.025,3,0.775
0,1.75,4.35702,-2.9652,0.00236407,0.00236407,0.00236407,0.0445727,True,empty floor,0,0.025,0,0.025,0,0.025,0,0.025,0,0.025,0,0.025,0,0.025,0,0.025,0,0.025,3,0.775
-0.25,1.75,4.37817,-2.91672,0.00236407,0.00236407,0.00236407,0.211511,True,microwave,0,0.05,0,0.05,0,0.05,0,0.05,1,0.55,0,0.05,0,0.05,0,0.05,0,0.05,0,0.05
-0.5,1.75,4.4134,-2.81293,0.00236407,0.00236407,0.00236407,0.0445727,True,empty floor,0,0.025,0,0.025,0,0.025,0,0.025,0,0.025,0,0.025,0,0.025,0,0.025,0,0.025,3,0.775
-0.75,1.75,4.46238,-2.62545,0.00236407,0.00236407,0.00236407,0.0445727,True,empty floor,0,0.025,0,0.025,0,0.025,0,0.025,0,0.025,0,0.025,0,0.025,0,0.025,0,0.025,3,0.775
-1,1.75,4.52467,-2.34599,0.00236407,0.00236407,0.00236407,0.0445727,True,empty floor,0,0.025,0,0.025,0,0.025,0,0.025,0,0.025,0,0.025,0,0.025,0,0.025,0,0.025,3,0.775
-1.25,1.75,4.59972,-1.99943,0.00236407,0.00236407,0.00236407,0.0445727,True,empty floor,0,0.025,0,0.025,0,0.025,0,0.025,0,0.025,0,0.025,0,0.025,0,0.025,0,0.025,3,0.775
-1.5,1.75,4.68691,-1.62881,0.00236407,0.00236407,0.00236407,0.0445727,True,empty floor,0,0.025,0,0.025,0,0.025,0,0.025,0,0.025,0,0.025,0,0.025,0,0.025,0,0.025,3,0.775
-1.75,1.75,4.78559,-1.27201,0.00236407,0.00236407,0.00236407,0.0445727,True,empty floor,0,0.025,0,0.025,0,0.025,0,0.025,0,0.025,0,0.025,0,0.025,0,0.025,0,0.025,3,0.775
-0.5,2,4.1672,-2.78575,0.00236407,0.00236407,0.00236407,0.0445727,True,empty floor,0,0.025,0,0.025,0,0.025,0,0.025,0,0.025,0,0.025,0,0.025,0,0.025,0,0.025,3,0.775
-0.25,2,4.12987,-2.90775,0.00236407,0.00236407,0.00236407,0.0445727,True,empty floor,0,0.025,0,0.025,0,0.025,0,0.025,0,0.025,0,0.025,0,0.025,0,0.025,0,0.025,3,0.775
0.75,2,4.13119,-2.99479,0.00236407,0.00236407,0.00236407,0.0445727,True,empty floor,0,0.025,0,0.025,0,0.025,0,0.025,0,0.025,0,0.025,0,0.025,0,0.025,0,0.025,3,0.775
-0.5,2.25,3.92148,-2.7515,0.00236407,0.00236407,0.00236407,0.0445727,True,empty floor,0,0.025,0,0.025,0,0.025,0,0.025,0,0.025,0,0.025,0,0.025,0,0.025,0,0.025,3,0.775
2,2.25,4.23148,-2.99573,0.00236407,0.00236407,0.00236407,0.0445727,True,empty floor,0,0.025,0,0.025,0,0.025,0,0.025,0,0.025,0,0.025,0,0.025,0,0.025,0,0.025,3,0.775
1.75,2.25,4.13403,-2.99573,0.00236407,0.00236407,0.00236407,0.0445727,True,empty floor,0,0.025,0,0.025,0,0.025,0,0.025,0,0.025,0,0.025,0,0.025,0,0.025,0,0.025,3,0.775
1.5,2.25,4.04968,-2.99572,0.00236407,0.00236407,0.00236407,0.0445727,True,empty floor,0,0.025,0,0.025,0,0.025,0,0.025,0,0.025,0,0.025,0,0.025,0,0.025,0,0.025,3,0.775
1.25,2.25,3.97928,-2.99568,0.00236407,0.00236407,0.00236407,0.0445727,True,empty floor,0,0.025,0,0.025,0,0.025,0,0.025,0,0.025,0,0.025,0,0.025,0,0.025,0,0.025,3,0.775
1,2.25,3.92357,-2.99553,0.00236407,0.00236407,0.00236407,0.0445727,True,empty floor,0,0.025,0,0.025,0,0.025,0,0.025,0,0.025,0,0.025,0,0.025,0,0.025,0,0.025,3,0.775
0.75,2.25,3.88319,-2.99493,0.00236407,0.00236407,0.00236407,0.0445727,True,empty floor,0,0.025,0,0.025,0,0.025,0,0.025,0,0.025,0,0.025,0,0.025,0,0.025,0,0.025,3,0.775
0.5,2.25,3.85862,-2.99269,0.00236407,0.00236407,0.00236407,0.0445727,True,empty floor,0,0.025,0,0.025,0,0.025,0,0.025,0,0.025,0,0.025,0,0.025,0,0.025,0,0.025,3,0.775
0.25,2.25,3.85016,-2.98499,0.00236407,0.00236407,0.00236407,0.0445727,True,empty floor,0,0.025,0,0.025,0,0.025,0,0.025,0,0.025,0,0.025,0,0.025,0,0.025,0,0.025,3,0.775
0,2.25,3.85791,-2.96109,0.00236407,0.00236407,0.00236407,0.0445727,True,empty floor,0,0.025,0,0.025,0,0.025,0,0.025,0,0.025,0,0.025,0,0.025,0,0.025,0,0.025,3,0.775
-0.25,2.25,3.88178,-2.89658,0.00236407,0.00236407,0.00236407,0.0445727,True,empty floor,0,0.025,0,0.025,0,0.025,0,0.025,0,0.025,0,0.025,0,0.025,0,0.025,0,0.025,3,0.775
-0.75,2.25,3.97652,-2.49172,0.00236407,0.00236407,0.00236407,0.0445727,True,empty floor,0,0.025,0,0.025,0,0.025,0,0.025,0,0.025,0,0.025,0,0.025,0,0.025,0,0.025,3,0.775
1,2,4.16917,-2.99547,0.00236407,0.00236407,0.00236407,0.0445727,True,empty floor,0,0.025,0,0.025,0,0.025,0,0.025,0,0.025,0,0.025,0,0.025,0,0.025,0,0.025,3,0.775
-1,2.25,4.04629,-2.127,0.00236407,0.00236407,0.00236407,0.0445727,True,empty floor,0,0.025,0,0.025,0,0.025,0,0.025,0,0.025,0,0.025,0,0.025,0,0.025,0,0.025,3,0.775
-1.25,2.25,4.13004,-1.71163,0.00236407,0.00236407,0.00236407,0.0445727,True,empty floor,0,0.025,0,0.025,0,0.025,0,0.025,0,0.025,0,0.025,0,0.025,0,0.025,0,0.025,3,0.775
-1.5,2.25,4.22694,-1.30416,0.00236407,0.00236407,0.00236407,0.0445727,True,empty floor,0,0.025,0,0.025,0,0.025,0,0.025,0,0.025,0,0.025,0,0.025,0,0.025,0,0.025,3,0.775
-1.75,2.25,4.3361,-0.941684,0.00236407,0.00236407,0.00236407,0.0445727,True,empty floor,0,0.025,0,0.025,0,0.025,0,0.025,0,0.025,0,0.025,0,0.025,0,0.025,0,0.025,3,0.775
-2,2.25,4.45662,-0.640335,0.00236407,0.00236407,0.00236407,0.0445727,True,empty floor,0,0.025,0,0.025,0,0.025,0,0.025,0,0.025,0,0.025,0,0.025,0,0.025,0,0.025,3,0.775
-2.25,2.25,4.58762,-0.403396,0.00236407,0.00236407,0.00236407,0.0445727,True,empty floor,0,0.025,0,0.025,0,0.025,0,0.025,0,0.025,0,0.025,0,0.025,0,0.025,0,0.025,3,0.775
2,2,4.46016,-2.99573,0.00236407,0.00236407,0.00236407,0.0445727,True,empty floor,0,0.025,0,0.025,0,0.025,0,0.025,0,0.025,0,0.025,0,0.025,0,0.025,0,0.025,3,0.775
1.75,2,4.36781,-2.99573,0.00236407,0.00236407,0.00236407,0.0445727,True,empty floor,0,0.025,0,0.025,0,0.025,0,0.025,0,0.025,0,0.025,0,0.025,0,0.025,0,0.025,3,0.775
1.5,2,4.28806,-2.99571,0.00236407,0.00236407,0.00236407,0.0445727,True,empty floor,0,0.025,0,0.025,0,0.025,0,0.025,0,0.025,0,0.025,0,0.025,0,0.025,0,0.025,3,0.775
1.25,2,4.22164,-2.99566,0.00236407,0.00236407,0.00236407,0.0445727,True,empty floor,0,0.025,0,0.025,0,0.025,0,0.025,0,0.025,0,0.025,0,0.025,0,0.025,0,0.025,3,0.775
-0.75,3.25,3.01868,-1.96508,0.00236407,0.00236407,0.00236407,0.0445727,True,empty floor,0,0.025,0,0.025,0,0.025,0,0.025,0,0.025,0,0.025,0,0.025,0,0.025,0,0.025,3,0.775
-0.25,3.25,2.89273,-2.80704,0.00236407,0.00236407,0.00236407,0.0445727,True,empty floor,0,0.025,0,0.025,0,0.025,0,0.025,0,0.025,0,0.025,0,0.025,0,0.025,0,0.025,3,0.775
0,4.75,1.37211,-2.78707,0.00236407,0.00236407,0.00236407,0.0445727,True,empty floor,0,0.025,0,0.025,0,0.025,0,0.025,0,0.025,0,0.025,0,0.025,0,0.025,0,0.025,3,0.775
0,4,2.11434,-2.91326,0.00236407,0.00236407,0.00236407,0.0445727,True,empty floor,0,0.025,0,0.025,0,0.025,0,0.025,0,0.025,0,0.025,0,0.025,0,0.025,0,0.025,3,0.775
1.5,4.25,2.23591,-2.99573,0.00236407,0.00236407,0.00236407,0.0445727,True,empty floor,0,0.025,0,0.025,0,0.025,0,0.025,0,0.025,0,0.025,0,0.025,0,0.025,0,0.025,3,0.775
1.25,4.25,2.10572,-2.99573,0.00236407,0.00236407,0.00236407,0.0445727,True,empty floor,0,0.025,0,0.025,0,0.025,0,0.025,0,0.025,0,0.025,0,0.025,0,0.025,0,0.025,3,0.775
1,4.25,1.99846,-2.99573,0.00236407,0.00236407,0.00236407,0.0445727,True,empty floor,0,0.025,0,0.025,0,0.025,0,0.025,0,0.025,0,0.025,0,0.025,0,0.025,0,0.025,3,0.775
0.75,4.25,1.91796,-2.99569,0.00236407,0.00236407,0.00236407,0.0445727,True,empty floor,0,0.025,0,0.025,0,0.025,0,0.025,0,0.025,0,0.025,0,0.025,0,0.025,0,0.025,3,0.775
0.5,4.25,1.86771,-2.99504,0.00236407,0.00236407,0.00236407,0.0445727,True,empty floor,0,0.025,0,0.025,0,0.025,0,0.025,0,0.025,0,0.025,0,0.025,0,0.025,0,0.025,3,0.775
0.25,4.25,1.85016,-2.98529,0.00236407,0.00236407,0.00236407,0.0445727,True,empty floor,0,0.025,0,0.025,0,0.025,0,0.025,0,0.025,0,0.025,0,0.025,0,0.025,0,0.025,3,0.775
0,4.25,1.86624,-2.89087,0.00236407,0.00236407,0.00236407,0.0445727,True,empty floor,0,0.025,0,0.025,0,0.025,0,0.025,0,0.025,0,0.025,0,0.025,0,0.025,0,0.025,3,0.775
-0.25,4.25,1.9151,-2.44664,0.00236407,0.00236407,0.00236407,0.0445727,True,empty floor,0,0.025,0,0.025,0,0.025,0,0.025,0,0.025,0,0.025,0,0.025,0,0.025,0,0.025,3,0.775
-0.5,4.25,1.99433,-1.61994,0.00236407,0.00236407,0.00236407,0.0445727,True,empty floor,0,0.025,0,0.025,0,0.025,0,0.025,0,0.025,0,0.025,0,0.025,0,0.025,0,0.025,3,0.775
-0.75,4.25,2.1005,-0.844459,0.00236407,0.00236407,0.00236407,0.0445727,True,empty floor,0,0.025,0,0.025,0,0.025,0,0.025,0,0.025,0,0.025,0,0.025,0,0.025,0,0.025,3,0.775
-1,4.25,2.22977,-0.329475,0.00236407,0.00236407,0.00236407,0.0445727,True,empty floor,0,0.025,0,0.025,0,0.025,0,0.025,0,0.025,0,0.025,0,0.025,0,0.025,0,0.025,3,0.775
-1.25,4.25,2.37837,-0.0679514,0.00236407,0.00236407,0.00236407,0.0445727,True,empty floor,0,0.025,0,0.025,0,0.025,0,0.025,0,0.025,0,0.025,0,0.025,0,0.025,0,0.025,3,0.775
-1.5,4.25,2.54291,-0.000270117,0.00236407,0.00236407,0.00236407,0.0445727,True,empty floor,0,0.025,0,0.025,0,0.025,0,0.025,0,0.025,0,0.025,0,0.025,0,0.025,0,0.025,3,0.775
-1.75,4.25,2.7205,-0.0668788,0.00236407,0.00236407,0.00236407,0.0445727,True,empty floor,0,0.025,0,0.025,0,0.025,0,0.025,0,0.025,0,0.025,0,0.025,0,0.025,0,0.025,3,0.775
-2,4.25,2.90876,-0.219982,0.00236407,0.00236407,0.00236407,0.0445727,True,empty floor,0,0.025,0,0.025,0,0.025,0,0.025,0,0.025,0,0.025,0,0.025,0,0.025,0,0.025,3,0.775
-2.25,4.25,3.10574,-0.424159,0.00236407,0.00236407,0.00236407,0.0445727,True,empty floor,0,0.025,0,0.025,0,0.025,0,0.025,0,0.025,0,0.025,0,0.025,0,0.025,0,0.025,3,0.775
2,4,2.73722,-2.99573,0.00236407,0.00236407,0.00236407,0.0445727,True,empty floor,0,0.025,0,0.025,0,0.025,0,0.025,0,0.025,0,0.025,0,0.025,0,0.025,0,0.025,3,0.775
1.75,4,2.58402,-2.99573,0.00236407,0.00236407,0.00236407,0.0445727,True,empty floor,0,0.025,0,0.025,0,0.025,0,0.025,0,0.025,0,0.025,0,0.025,0,0.025,0,0.025,3,0.775
1.5,4,2.44681,-2.99573,0.00236407,0.00236407,0.00236407,0.0445727,True,empty floor,0,0.025,0,0.025,0,0.025,0,0.025,0,0.025,0,0.025,0,0.025,0,0.025,0,0.025,3,0.775
1.25,4,2.32844,-2.99573,0.00236407,0.00236407,0.00236407,0.0445727,True,empty floor,0,0.025,0,0.025,0,0.025,0,0.025,0,0.025,0,0.025,0,0.025,0,0.025,0,0.025,3,0.775
1,4,2.23191,-2.99573,0.00236407,0.00236407,0.00236407,0.0445727,True,empty floor,0,0.025,0,0.025,0,0.025,0,0.025,0,0.025,0,0.025,0,0.025,0,0.025,0,0.025,3,0.775
0.75,4,2.16013,-2.99566,0.00236407,0.00236407,0.00236407,0.0445727,True,empty floor,0,0.025,0,0.025,0,0.025,0,0.025,0,0.025,0,0.025,0,0.025,0,0.025,0,0.025,3,0.775
0.5,4,2.11564,-2.99475,0.00236407,0.00236407,0.00236407,0.0445727,True,empty floor,0,0.025,0,0.025,0,0.025,0,0.025,0,0.025,0,0.025,0,0.025,0,0.025,0,0.025,3,0.775
2,4.25,2.55045,-2.99573,0.00236407,0.00236407,0.00236407,0.0445727,True,empty floor,0,0.025,0,0.025,0,0.025,0,0.025,0,0.025,0,0.025,0,0.025,0,0.025,0,0.025,3,0.775
-2.25,4.5,2.96362,-0.787212,0.00236407,0.00236407,0.00236407,0.0445727,True,empty floor,0,0.025,0,0.025,0,0.025,0,0.025,0,0.025,0,0.025,0,0.025,0,0.025,0,0.025,3,0.775
-2,4.5,2.7565,-0.514809,0.00236407,0.00236407,0.00236407,0.0445727,True,empty floor,0,0.025,0,0.025,0,0.025,0,0.025,0,0.025,0,0.025,0,0.025,0,0.025,0,0.025,3,0.775
1.5,4.5,2.0339,-2.99573,0.00236407,0.00236407,0.00236407,0.0445727,True,empty floor,0,0.025,0,0.025,0,0.025,0,0.025,0,0.025,0,0.025,0,0.025,0,0.025,0,0.025,3,0.775
-0.25,4.75,1.43786,-1.85345,0.00236407,0.00236407,0.00236407,0.0445727,True,empty floor,0,0.025,0,0.025,0,0.025,0,0.025,0,0.025,0,0.025,0,0.025,0,0.025,0,0.025,3,0.775
-0.5,4.75,1.54182,-0.778656,0.00236407,0.00236407,0.00236407,0.0445727,True,empty floor,0,0.025,0,0.025,0,0.025,0,0.025,0,0.025,0,0.025,0,0.025,0,0.025,0,0.025,3,0.775
-0.75,4.75,1.67689,-0.177494,0.00236407,0.00236407,0.00236407,0.0445727,True,empty floor,0,0.025,0,0.025,0,0.025,0,0.025,0,0.025,0,0.025,0,0.025,0,0.025,0,0.025,3,0.775
-1,4.75,1.83622,-0.000603063,0.00236407,0.00236407,0.00236407,0.0445727,True,empty floor,0,0.025,0,0.025,0,0.025,0,0.025,0,0.025,0,0.025,0,0.025,0,0.025,0,0.025,3,0.775
-1.25,4.75,2.01407,-0.0937293,0.00236407,0.00236407,0.00236407,0.0445727,True,empty floor,0,0.025,0,0.025,0,0.025,0,0.025,0,0.025,0,0.025,0,0.025,0,0.025,0,0.025,3,0.775
-1.5,4.75,2.20595,-0.334872,0.00236407,0.00236407,0.00236407,0.0445727,True,empty floor,0,0.025,0,0.025,0,0.025,0,0.025,0,0.025,0,0.025,0,0.025,0,0.025,0,0.025,3,0.775
-1.75,4.75,2.40852,-0.643416,0.00236407,0.00236407,0.00236407,0.0445727,True,empty floor,0,0.025,0,0.025,0,0.025,0,0.025,0,0.025,0,0.025,0,0.025,0,0.025,0,0.025,3,0.775
-2,4.75,2.6193,-0.969529,0.00236407,0.00236407,0.00236407,0.0445727,True,empty floor,0,0.025,0,0.025,0,0.025,0,0.025,0,0.025,0,0.025,0,0.025,0,0.025,0,0.025,3,0.775
-2.25,4.75,2.83646,-1.28369,0.00236407,0.00236407,0.00236407,0.178291,False,person,0,0.1,0,0.1,0,0.1,0,0.1,0,0.1,0,0.1,0,0.1,0,0.1,0,0.1,0,0.1
2,4.5,2.37534,-2.99573,0.00236407,0.00236407,0.00236407,0.0445727,True,empty floor,0,0.025,0,0.025,0,0.025,0,0.025,0,0.025,0,0.025,0,0.025,0,0.025,0,0.025,3,0.775
1.25,4.5,1.88984,-2.99573,0.00236407,0.00236407,0.00236407,0.0445727,True,empty floor,0,0.025,0,0.025,0,0.025,0,0.025,0,0.025,0,0.025,0,0.025,0,0.025,0,0.025,3,0.775
-1.75,4.5,2.55706,-0.266685,0.00236407,0.00236407,0.00236407,0.0445727,True,empty floor,0,0.025,0,0.025,0,0.025,0,0.025,0,0.025,0,0.025,0,0.025,0,0.025,0,0.025,3,0.775
1,4.5,1.76953,-2.99573,0.00236407,0.00236407,0.00236407,0.0445727,True,empty floor,0,0.025,0,0.025,0,0.025,0,0.025,0,0.025,0,0.025,0,0.025,0,0.025,0,0.025,3,0.775
0.5,4.5,1.62042,-2.99529,0.00236407,0.00236407,0.00236407,0.0254701,True,empty floor,0,0.0142857,0,0.0142857,0,0.0142857,0,0.0142857,0,0.0142857,0,0.0142857,0,0.0142857,0,0.0142857,0,0.0142857,6,0.871429
0.25,4.5,1.60016,-2.98538,0.00236407,0.00236407,0.00236407,0.0445727,True,empty floor,0,0.025,0,0.025,0,0.025,0,0.025,0,0.025,0,0.025,0,0.025,0,0.025,0,0.025,3,0.775
0,4.5,1.61873,-2.85396,0.00236407,0.00236407,0.00236407,0.0445727,True,empty floor,0,0.025,0,0.025,0,0.025,0,0.025,0,0.025,0,0.025,0,0.025,0,0.025,0,0.025,3,0.775
-0.25,4.5,1.67482,-2.21332,0.00236407,0.00236407,0.00236407,0.0445727,True,empty floor,0,0.025,0,0.025,0,0.025,0,0.025,0,0.025,0,0.025,0,0.025,0,0.025,0,0.025,3,0.775
-0.5,4.5,1.76487,-1.23205,0.00236407,0.00236407,0.00236407,0.0445727,True,empty floor,0,0.025,0,0.025,0,0.025,0,0.025,0,0.025,0,0.025,0,0.025,0,0.025,0,0.025,3,0.775
-0.75,4.5,1.88402,-0.492032,0.00236407,0.00236407,0.00236407,0.0445727,True,empty floor,0,0.025,0,0.025,0,0.025,0,0.025,0,0.025,0,0.025,0,0.025,0,0.025,0,0.025,3,0.775
-1,4.5,2.02714,-0.107065,0.00236407,0.00236407,0.00236407,0.0445727,True,empty floor,0,0.025,0,0.025,0,0.025,0,0.025,0,0.025,0,0.025,0,0.025,0,0.025,0,0.025,3,0.775
-1.25,4.5,2.18953,-5.67738e-07,0.00236407,0.00236407,0.00236407,0.0445727,True,empty floor,0,0.025,0,0.025,0,0.025,0,0.025,0,0.025,0,0.025,0,0.025,0,0.025,0,0.025,3,0.775
-1.5,4.5,2.36724,-0.077753,0.00236407,0.00236407,0.00236407,0.0445727,True,empty floor,0,0.025,0,0.025,0,0.025,0,0.025,0,0.025,0,0.025,0,0.025,0,0.025,0,0.025,3,0.775
0.25,4,2.10016,-2.98522,0.00236407,0.00236407,0.00236407,0.0445727,True,empty floor,0,0.025,0,0.025,0,0.025,0,0.025,0,0.025,0,0.025,0,0.025,0,0.025,0,0.025,3,0.775
-0.25,4,2.15759,-2.59678,0.00236407,0.00236407,0.00236407,0.0445727,True,empty floor,0,0.025,0,0.025,0,0.025,0,0.025,0,0.025,0,0.025,0,0.025,0,0.025,0,0.025,3,0.775
0,3.25,2.86062,-2.94529,0.00236407,0.00236407,0.00236407,0.0445727,True,empty floor,0,0.025,0,0.025,0,0.025,0,0.025,0,0.025,0,0.025,0,0.025,0,0.025,0,0.025,3,0.775
-0.5,4,2.22821,-1.92933,0.00236407,0.00236407,0.00236407,0.0445727,True,empty floor,0,0.025,0,0.025,0,0.025,0,0.025,0,0.025,0,0.025,0,0.025,0,0.025,0,0.025,3,0.775
1.25,3.5,2.78779,-2.99573,0.00236407,0.00236407,0.00236407,0.0445727,True,empty floor,0,0.025,0,0.025,0,0.025,0,0.025,0,0.025,0,0.025,0,0.025,0,0.025,0,0.025,3,0.775
1,3.5,2.70768,-2.99571,0.00236407,0.00236407,0.00236407,0.0445727,True,empty floor,0,0.025,0,0.025,0,0.025,0,0.025,0,0.025,0,0.025,0,0.025,0,0.025,0,0.025,3,0.775
0.75,3.5,2.64883,-2.99552,0.00236407,0.00236407,0.00236407,0.0445727,True,empty floor,0,0.025,0,0.025,0,0.025,0,0.025,0,0.025,0,0.025,0,0.025,0,0.025,0,0.025,3,0.775
0.5,3.5,2.61267,-2.99414,0.00236407,0.00236407,0.00236407,0.0445727,True,empty floor,0,0.025,0,0.025,0,0.025,0,0.025,0,0.025,0,0.025,0,0.025,0,0.025,0,0.025,3,0.775
0.25,3.5,2.60016,-2.98512,0.00236407,0.00236407,0.00236407,0.0445727,True,empty floor,0,0.025,0,0.025,0,0.025,0,0.025,0,0.025,0,0.025,0,0.025,0,0.025,0,0.025,3,0.775
0,3.5,2.61162,-2.93798,0.00236407,0.00236407,0.00236407,0.0445727,True,empty floor,0,0.025,0,0.025,0,0.025,0,0.025,0,0.025,0,0.025,0,0.025,0,0.025,0,0.025,3,0.775
-0.25,3.5,2.64676,-2.76114,0.00236407,0.00236407,0.00236407,0.0445727,True,empty floor,0,0.025,0,0.025,0,0.025,0,0.025,0,0.025,0,0.025,0,0.025,0,0.025,0,0.025,3,0.775
-0.5,3.5,2.70464,-2.34461,0.00236407,0.00236407,0.00236407,0.0445727,True,empty floor,0,0.025,0,0.025,0,0.025,0,0.025,0,0.025,0,0.025,0,0.025,0,0.025,0,0.025,3,0.775
-0.75,3.5,2.78385,-1.74842,0.00236407,0.00236407,0.00236407,0.0445727,True,empty floor,0,0.025,0,0.025,0,0.025,0,0.025,0,0.025,0,0.025,0,0.025,0,0.025,0,0.025,3,0.775
-1,3.5,2.88264,-1.15501,0.00236407,0.00236407,0.00236407,0.0445727,True,empty floor,0,0.025,0,0.025,0,0.025,0,0.025,0,0.025,0,0.025,0,0.025,0,0.025,0,0.025,3,0.775
-1.25,3.5,2.99906,-0.674773,0.00236407,0.00236407,0.00236407,0.0445727,True,empty floor,0,0.025,0,0.025,0,0.025,0,0.025,0,0.025,0,0.025,0,0.025,0,0.025,0,0.025,3,0.775
-1.5,3.5,3.13115,-0.334348,0.00236407,0.00236407,0.00236407,0.0445727,True,empty floor,0,0.025,0,0.025,0,0.025,0,0.025,0,0.025,0,0.025,0,0.025,0,0.025,0,0.025,3,0.775
-1.75,3.5,3.27702,-0.1234,0.00236407,0.00236407,0.00236407,0.0445727,True,empty floor,0,0.025,0,0.025,0,0.025,0,0.025,0,0.025,0,0.025,0,0.025,0,0.025,0,0.025,3,0.775
-2,3.5,3.43491,-0.0203315,0.00236407,0.00236407,0.00236407,0.0445727,True,empty floor,0,0.025,0,0.025,0,0.025,0,0.025,0,0.025,0,0.025,0,0.025,0,0.025,0,0.025,3,0.775
-2.25,3.5,3.60325,-0.00228182,0.00236407,0.00236407,0.00236407,0.0445727,True,empty floor,0,0.025,0,0.025,0,0.025,0,0.025,0,0.025,0,0.025,0,0.025,0,0.025,0,0.025,3,0.775
2,3.25,3.3474,-2.99573,0.00236407,0.00236407,0.00236407,0.0445727,True,empty floor,0,0.025,0,0.025,0,0.025,0,0.025,0,0.025,0,0.025,0,0.025,0,0.025,0,0.025,3,0.775
1.75,3.25,3.22333,-2.99573,0.00236407,0.00236407,0.00236407,0.0445727,True,empty floor,0,0.025,0,0.025,0,0.025,0,0.025,0,0.025,0,0.025,0,0.025,0,0.025,0,0.025,3,0.775
1.5,3.25,3.11442,-2.99573,0.00236407,0.00236407,0.00236407,0.0445727,True,empty floor,0,0.025,0,0.025,0,0.025,0,0.025,0,0.025,0,0.025,0,0.025,0,0.025,0,0.025,3,0.775
1.25,3.25,3.02231,-2.99573,0.00236407,0.00236407,0.00236407,0.0445727,True,empty floor,0,0.025,0,0.025,0,0.025,0,0.025,0,0.025,0,0.025,0,0.025,0,0.025,0,0.025,3,0.775
1,3.25,2.94858,-2.99569,0.00236407,0.00236407,0.00236407,0.0445727,True,empty floor,0,0.025,0,0.025,0,0.025,0,0.025,0,0.025,0,0.025,0,0.025,0,0.025,0,0.025,3,0.775
0.75,3.25,2.89463,-2.99543,0.00236407,0.00236407,0.00236407,0.0445727,True,empty floor,0,0.025,0,0.025,0,0.025,0,0.025,0,0.025,0,0.025,0,0.025,0,0.025,0,0.025,3,0.775
0.5,3.25,2.86158,-2.99384,0.00236407,0.00236407,0.00236407,0.0445727,True,empty floor,0,0.025,0,0.025,0,0.025,0,0.025,0,0.025,0,0.025,0,0.025,0,0.025,0,0.025,3,0.775
0.25,3.25,2.85016,-2.98509,0.00236407,0.00236407,0.00236407,0.0445727,True,empty floor,0,0.025,0,0.025,0,0.025,0,0.025,0,0.025,0,0.025,0,0.025,0,0.025,0,0.025,3,0.775
1.5,3.5,2.88739,-2.99573,0.00236407,0.00236407,0.00236407,0.0445727,True,empty floor,0,0.025,0,0.025,0,0.025,0,0.025,0,0.025,0,0.025,0,0.025,0,0.025,0,0.025,3,0.775
1.75,3.5,3.00454,-2.99573,0.00236407,0.00236407,0.00236407,0.0445727,True,empty floor,0,0.025,0,0.025,0,0.025,0,0.025,0,0.025,0,0.025,0,0.025,0,0.025,0,0.025,3,0.775
-2.25,3.75,3.42721,-0.0531953,0.00236407,0.00236407,0.00236407,0.0445727,True,empty floor,0,0.025,0,0.025,0,0.025,0,0.025,0,0.025,0,0.025,0,0.025,0,0.025,0,0.025,3,0.775
1,3.75,2.4686,-2.99572,0.00236407,0.00236407,0.00236407,0.0445727,True,empty floor,0,0.025,0,0.025,0,0.025,0,0.025,0,0.025,0,0.025,0,0.025,0,0.025,0,0.025,3,0.775
-0.75,4,2.32372,-1.18409,0.00236407,0.00236407,0.00236407,0.0445727,True,empty floor,0,0.025,0,0.025,0,0.025,0,0.025,0,0.025,0,0.025,0,0.025,0,0.025,0,0.025,3,0.775
-1,4,2.4412,-0.601216,0.00236407,0.00236407,0.00236407,0.0445727,True,empty floor,0,0.025,0,0.025,0,0.025,0,0.025,0,0.025,0,0.025,0,0.025,0,0.025,0,0.025,3,0.775
-1.25,4,2.57764,-0.230413,0.00236407,0.00236407,0.00236407,0.0445727,True,empty floor,0,0.025,0,0.025,0,0.025,0,0.025,0,0.025,0,0.025,0,0.025,0,0.025,0,0.025,3,0.775
-1.5,4,2.73019,-0.0446035,0.00236407,0.00236407,0.00236407,0.0445727,True,empty floor,0,0.025,0,0.025,0,0.025,0,0.025,0,0.025,0,0.025,0,0.025,0,0.025,0,0.025,3,0.775
-1.75,4,2.89633,-0.000866068,0.00236407,0.00236407,0.00236407,0.0445727,True,empty floor,0,0.025,0,0.025,0,0.025,0,0.025,0,0.025,0,0.025,0,0.025,0,0.025,0,0.025,3,0.775
-2,4,3.07384,-0.0590587,0.00236407,0.00236407,0.00236407,0.0445727,True,empty floor,0,0.025,0,0.025,0,0.025,0,0.025,0,0.025,0,0.025,0,0.025,0,0.025,0,0.025,3,0.775
-2.25,4,3.26086,-0.186424,0.00236407,0.00236407,0.00236407,0.0445727,True,empty floor,0,0.025,0,0.025,0,0.025,0,0.025,0,0.025,0,0.025,0,0.025,0,0.025,0,0.025,3,0.775
1.75,3.75,2.79101,-2.99573,0.00236407,0.00236407,0.00236407,0.0445727,True,empty floor,0,0.025,0,0.025,0,0.025,0,0.025,0,0.025,0,0.025,0,0.025,0,0.025,0,0.025,3,0.775
1.5,3.75,2.66448,-2.99573,0.00236407,0.00236407,0.00236407,0.0445727,True,empty floor,0,0.025,0,0.025,0,0.025,0,0.025,0,0.025,0,0.025,0,0.025,0,0.025,0,0.025,3,0.775
1.25,3.75,2.55621,-2.99573,0.00236407,0.00236407,0.00236407,0.0445727,True,empty floor,0,0.025,0,0.025,0,0.025,0,0.025,0,0.025,0,0.025,0,0.025,0,0.025,0,0.025,3,0.775
0.75,3.75,2.4039,-2.9956,0.00236407,0.00236407,0.00236407,0.0445727,True,empty floor,0,0.025,0,0.025,0,0.025,0,0.025,0,0.025,0,0.025,0,0.025,0,0.025,0,0.025,3,0.775
-2,3.75,3.24978,-0.00156786,0.00236407,0.00236407,0.00236407,0.0445727,True,empty floor,0,0.025,0,0.025,0,0.025,0,0.025,0,0.025,0,0.025,0,0.025,0,0.025,0,0.025,3,0.775
0.5,3.75,2.364,-2.99445,0.00236407,0.00236407,0.00236407,0.0445727,True,empty floor,0,0.025,0,0.025,0,0.025,0,0.025,0,0.025,0,0.025,0,0.025,0,0.025,0,0.025,3,0.775
0.25,3.75,2.35016,-2.98517,0.00236407,0.00236407,0.00236407,0.0445727,True,empty floor,0,0.025,0,0.025,0,0.025,0,0.025,0,0.025,0,0.025,0,0.025,0,0.025,0,0.025,3,0.775
0,3.75,2.36284,-2.92788,0.00236407,0.00236407,0.00236407,0.0445727,True,empty floor,0,0.025,0,0.025,0,0.025,0,0.025,0,0.025,0,0.025,0,0.025,0,0.025,0,0.025,3,0.775
-0.25,3.75,2.40162,-2.69503,0.00236407,0.00236407,0.00236407,0.0445727,True,empty floor,0,0.025,0,0.025,0,0.025,0,0.025,0,0.025,0,0.025,0,0.025,0,0.025,0,0.025,3,0.775
-0.5,3.75,2.46526,-2.16652,0.00236407,0.00236407,0.00236407,0.0445727,True,empty floor,0,0.025,0,0.025,0,0.025,0,0.025,0,0.025,0,0.025,0,0.025,0,0.025,0,0.025,3,0.775
-0.75,3.75,2.55191,-1.48808,0.00236407,0.00236407,0.00236407,0.0445727,True,empty floor,0,0.025,0,0.025,0,0.025,0,0.025,0,0.025,0,0.025,0,0.025,0,0.025,0,0.025,3,0.775
-1,3.75,2.65933,-0.88359,0.00236407,0.00236407,0.00236407,0.0445727,True,empty floor,0,0.025,0,0.025,0,0.025,0,0.025,0,0.025,0,0.025,0,0.025,0,0.025,0,0.025,3,0.775
-1.25,3.75,2.7851,-0.442352,0.00236407,0.00236407,0.00236407,0.0445727,True,empty floor,0,0.025,0,0.025,0,0.025,0,0.025,0,0.025,0,0.025,0,0.025,0,0.025,0,0.025,3,0.775
-1.5,3.75,2.92686,-0.16651,0.00236407,0.00236407,0.00236407,0.0445727,True,empty floor,0,0.025,0,0.025,0,0.025,0,0.025,0,0.025,0,0.025,0,0.025,0,0.025,0,0.025,3,0.775
-1.75,3.75,3.08242,-0.0299225,0.00236407,0.00236407,0.00236407,0.0445727,True,empty floor,0,0.025,0,0.025,0,0.025,0,0.025,0,0.025,0,0.025,0,0.025,0,0.025,0,0.025,3,0.775
2,7.75,2.4091,-2.99573,0.00236407,0.00236407,0.00236407,0.178291,False,person,0,0.1,0,0.1,0,0.1,0,0.1,0,0.1,0,0.1,0,0.1,0,0.1,0,0.1,0,0.1
